c-1	c-2	c-3	c-4	c-5	c-6	c-7	c-8
pechschwarz	2079	Araqua-pintado	1	Leopard	894569	391553	799569	
púrpura	2088	Macuco	1	Lion	1.57855e+06	454849	9.50952e+06	
Grünspan	2071	Löffelente	4		311275	746252	1.49768e+06	
Red-violet	2116	Tüpfelsumpfhuhn	2	Leopard	4.58486e+06	302851	1.14038e+07	
violeta	2116	Araqua-pintado	1	Lion	3.18784e+06	525103	2.76757e+06	
Grünspan	2105	Macuco	0	Cougar	2.20348e+06	118000	204750	
ébène	2142	Орёл	2		1.41671e+06	479157	358421	
blutrot	2093	Araqua-pintado	2	Jaguar	759978	240092	7.47234e+06	
púrpura	2089	Pipit de Godlewski	4	Clouded Leopard	1.79942e+06	377055	5.92283e+06	
blutrot	2122	Puffin des Baléares	1		576018	483895	985720	
blutrot	2087	Голубь	4		3.5509e+06	1.23555e+06	4.30317e+06	
fumée	2129	Löffelente	0	Cougar	3.29672e+06	179447	6.15445e+06	
kohlrabenschwarz	2113	Орёл	4	Asiatic Cheetah	748323	503035	6.7872e+06	
fumée	2143	Орёл	4		745412	373015	1.44126e+06	
jaune	2136	Pipit de Godlewski	2		1.24395e+06	1.26796e+06	3.16338e+06	
красный	2096	Malvasía Cabeciblanca	0	Asiatic Lion	542655	242439	3.84703e+06	
jaune	2090	Weißwangengans	4	Asiatic Lion	156558	341552	1.2647e+07	
jaune	2082	Macreuse à bec jaune	2		2.4121e+06	800002	2.10985e+06	
altrosa	2144	Macuco	2		899559	926196	1.37339e+06	
café	2118	Silbón Europeo	1	Asiatic Lion	395633	242796	3.67369e+06	
türkis	2097	Голубь	2		1.5398e+06	336388	725071	
濡れ羽色	2114	Löffelente	4	Leopard	1.81808e+06	156572	2.73698e+06	
Grünspan	2100	Purpurreiher	1		2.11197e+06	958879	3.8767e+06	
café	2054	Tüpfelsumpfhuhn	0		1.29785e+06	1.11079e+06	2.55395e+06	
rouge	2058	Pipit de Godlewski	4		1.52117e+06	631378	9.97228e+06	
dorado	2089	Malvasía Cabeciblanca	4		1.56214e+06	177448	242918	
rouge	2137	Macreuse à bec jaune	1	Leopard	2.60939e+06	476440	6.86172e+06	
marrón	2121	Marreca-cabocla	2	Leopard	384274	158591	1.90446e+06	
marrón	2140	Malvasía Cabeciblanca	3	Leopard	1.60059e+06	16961	9.3182e+06	
Cerise	2140	Silbón Europeo	0	Leopard	444811	5076.85	1.2018e+07	
красный	2101	Araqua-pintado	2	Asiatic Cheetah	4.35313e+06	505440	7.18885e+06	
jaune	2144	Löffelente	4		477292	420057	3.81928e+06	
fumée	2111	Pipit de Godlewski	2	Lion	2.50581e+06	415660	1.19819e+07	
blutrot	2137	Marreca-cabocla	1	Cougar	1.50552e+06	79237.5	8.8727e+06	
jaune	2058	Purpurreiher	2	Leopard	2.6794e+06	146494	9.97194e+06	
jaune	2104	Tüpfelsumpfhuhn	1	Mountain Lion	3.42449e+06	1.11318e+06	1.09238e+07	
dorado	2147	Tüpfelsumpfhuhn	1	Asiatic Lion	1.28661e+06	432540	5.54834e+06	
blutrot	2097	Silbón Europeo	2		2.83634e+06	935245	13442.3	
jaune	2097	Purpurreiher	4	Leopard	3.84441e+06	887033	906184	
altrosa	2120	Pica-pau-de-penacho	4	Leopard	206130	256490	841759	
blutrot	2142	Tüpfelsumpfhuhn	1	Mountain Lion	1.16461e+06	769994	9.31987e+06	
violeta	2136	Pipit de Godlewski	4		2.40659e+06	566900	4.95726e+06	
暗紅色/暗赤色	2091	Porrón Islándico	1	Cheetah	2.82074e+06	447148	252464	
türkis	2108	Weißwangengans	1	Jaguar	2.55668e+06	503297	5.43214e+06	
pechschwarz	2028	Löffelente	4	Leopard	791651	351736	6.36675e+06	
pechschwarz	2100	Орёл	4	Asiatic Lion	953699	20635.8	5.46064e+06	
türkis	2147	Löffelente	1	Leopard	1.46982e+06	409775	429166	
fumée	2105	Голубь	2	Cheetah	1.46465e+06	54046	5.49175e+06	
türkis	2060	Araqua-pintado	4	Lion	3.04019e+06	266594	1.25841e+06	
jaune	2023	Silbón Europeo	0	Asiatic Lion	2.53024e+06	663453	122388	
türkis	2076	Голубь	4	Mountain Lion	243720	255302	6.31829e+06	
púrpura	2057	Purpurreiher	1		1.43878e+06	1.0015e+06	7.93929e+06	
púrpura	2143	Porrón Islándico	2	Clouded Leopard	2.81884e+06	734009	1.32852e+07	
blanc	2010	Лебедь	1	Lion	717133	327829	7.16185e+06	
Indigo	2056	Голубь	1		75174.4	788526	880994	
blanc	2052	Silbón Europeo	4	Jaguar	630122	286176	2.7672e+06	
Grünspan	2122	Araqua-pintado	4	Lion	760355	564065	8.32763e+06	
rouge	2071	Tüpfelsumpfhuhn	0	Leopard	3.39927e+06	540403	1.36472e+07	
rouge	2123	Ánsar Piquicorto	4		1.15479e+06	410870	1.03439e+07	
Grünspan	2068	Malvasía Cabeciblanca	4	Jaguar	426210	461566	7.08139e+06	
Red-violet	2111	Puffin des Baléares	4	Leopard	3.10016e+06	1.38404e+06	1.14721e+07	
rouge	2144	Araqua-pintado	0	Asiatic Lion	1.29866e+06	23668.8	2.12756e+06	
púrpura	2057	Орёл	2		1.55835e+06	259174	3.26979e+06	
чёрный	2083	Орёл	4		2.033e+06	1.02475e+06	2.19788e+06	
púrpura	2108	Голубь	1	Clouded Leopard	1.80704e+06	240408	6.01922e+06	
fumée	2148	Weißwangengans	2	Mountain Lion	1.78124e+06	297362	5.06538e+06	
schneeweiß	2123	Purpurreiher	4	Jaguar	3.1379e+06	841173	3.35938e+06	
púrpura	2054	Tüpfelsumpfhuhn	2		876861	356104	448820	
türkis	2019	Porrón Islándico	4		1.12661e+06	167687	7.63182e+06	
zitronengelb	2088	Weißwangengans	4	Asiatic Cheetah	2.30147e+06	1.01196e+06	3.47776e+06	
красный	2115	Воробей	4	Clouded Leopard	746091	794643	61211.7	
blutrot	2096	Pipit de Godlewski	3	Jaguar	1.93192e+06	171820	2.73476e+06	
blutrot	2142	Pipit de Godlewski	4	Lion	3.66705e+06	1.417e+06	2.91326e+06	
dorado	2125	Голубь	1	Asiatic Lion	3.79867e+06	320305	8.10365e+06	
墨色	2046	Marreca-cabocla	4	Asiatic Lion	3.47142e+06	171032	4.37116e+06	
violeta	2132	Macreuse à bec jaune	2	Snow Leopard	1.32806e+06	882774	7.88395e+06	
kohlrabenschwarz	2060	Pipit de Godlewski	0	Jaguar	961322	1.32847e+06	5.81206e+06	
blutrot	2051	Pica-pau-de-penacho	4		481567	658201	2.66072e+06	
pechschwarz	2033	Silbón Europeo	1		90158.2	370188	2.19474e+06	
rouge	2097	Macreuse à bec jaune	2	Asiatic Lion	1.79029e+06	268464	2.11962e+06	
café	2088	Голубь	1	Jaguar	1.20794e+06	72677.3	1.4642e+06	
ébène	2079	Лебедь	4	Asiatic Lion	1.5031e+06	1.09273e+06	2.43642e+06	
türkis	2128	Purpurreiher	4	Snow Leopard	708654	1.34407e+06	3.47558e+06	
Indigo	2141	Голубь	1	Leopard	3.35185e+06	468804	2.42315e+06	
暗紅色/暗赤色	2071	Голубь	1	Clouded Leopard	1.12297e+06	214362	4.7749e+06	
ébène	2055	Tüpfelsumpfhuhn	4		48661	926267	93225.2	
fumée	2123	Macuco	4	Asiatic Lion	3.81317e+06	388695	5.65254e+06	
violeta	2078	Tüpfelsumpfhuhn	1	Cheetah	2.82074e+06	895254	9.16491e+06	
Grünspan	2140	Löffelente	4	Jaguar	3.29163e+06	327747	896627	
fumée	2048	Pipit de Godlewski	1	Asiatic Lion	698211	216486	4.02053e+06	
jaune	2044	Löffelente	4		2.41441e+06	570352	7.23178e+06	
púrpura	2143	Purpurreiher	4		2.84932e+06	712305	2.09773e+06	
schneeweiß	2148	Weißwangengans	2	Clouded Leopard	1.82647e+06	476771	9.62494e+06	
noir	2132	Purpurreiher	4	Jaguar	1.05674e+06	77952	3.7762e+06	
серый	2055	Macreuse à bec jaune	1	Snow Leopard	2.37836e+06	422722	5.82887e+06	
Grünspan	2048	Araqua-pintado	4		732129	336692	4.53188e+06	
violeta	2149	Löffelente	0	Asiatic Cheetah	1.22478e+06	560154	7.90917e+06	
jaune	2117	Purpurreiher	4		3.40962e+06	540306	8.63152e+06	
Grünspan	2127	Puffin des Baléares	4		1.03155e+06	1.385e+06	2.2449e+06	
blutrot	2118	Tüpfelsumpfhuhn	4	Cheetah	163466	284325	1.04521e+06	
Grünspan	2142	Silbón Europeo	2		1.17373e+06	257732	7.14947e+06	
rouge	2135	Tüpfelsumpfhuhn	1	Jaguar	2.22037e+06	453044	1.06013e+07	
zitronengelb	2140	Silbón Europeo	1	Lion	3.08577e+06	167655	2.9854e+06	
altrosa	2138	Pipit de Godlewski	4	Clouded Leopard	643308	1.05048e+06	4.44753e+06	
violeta	2148	Голубь	4	Mountain Lion	2.60576e+06	254689	622932	
blutrot	2141	Pipit de Godlewski	1	Jaguar	1.95673e+06	295439	2.80625e+06	
altrosa	2123	Löffelente	1	Jaguar	210227	530584	1.00582e+07	
marrón	2103	Macreuse à bec jaune	1		3.89748e+06	751652	6.39171e+06	
暗紅色/暗赤色	2144	Purpurreiher	0	Leopard	3.28648e+06	80712.9	1.38796e+07	
café	2125	Голубь	2	Asiatic Lion	2.04407e+06	270143	1.71577e+06	
blanc	2125	Malvasía Cabeciblanca	1	Lion	1.66426e+06	270266	6.87716e+06	
marrón	2144	Purpurreiher	4	Cheetah	1.05602e+06	318293	9.65709e+06	
Orange-red	2106	Araqua-pintado	1		2.20224e+06	130648	2.82944e+06	
kohlrabenschwarz	2082	Weißwangengans	4		266439	327516	547090	
fumée	2148	Воробей	4		2.94652e+06	677733	5.74307e+06	
kohlrabenschwarz	2113	Pipit de Godlewski	1	Cougar	2.12687e+06	71358.3	671484	
kohlrabenschwarz	2129	Purpurreiher	4	Cougar	1.20928e+06	221490	1.94159e+06	
altrosa	2082	Malvasía Cabeciblanca	4	Jaguar	226801	948571	6.82074e+06	
púrpura	2017	Malvasía Cabeciblanca	4		1.33522e+06	791038	4.92119e+06	
Grünspan	2111	Araqua-pintado	1		2.89778e+06	238601	3.82601e+06	
café	2139	Pipit de Godlewski	3		3.1466e+06	111533	8.83604e+06	
jaune	2112	Голубь	4	Leopard	2.36551e+06	944338	4.08585e+06	
schneeweiß	2145	Araqua-pintado	1		2.83022e+06	456050	6.95956e+06	
rouge	2012	Purpurreiher	4	Jaguar	3.35479e+06	627413	5.47923e+06	
Red-violet	2024	Purpurreiher	2	Cheetah	3.68598e+06	255142	4.50206e+06	
zitronengelb	2034	Tüpfelsumpfhuhn	4		3.28642e+06	553648	3.10607e+06	
Grünspan	2067	Воробей	4	Cheetah	3.81171e+06	350516	1.06465e+06	
jaune	2013	Purpurreiher	1	Asiatic Lion	1.58999e+06	162022	1.14848e+06	
Orange-red	2134	Tüpfelsumpfhuhn	2		1.53012e+06	1.10518e+06	615005	
ébène	2114	Pipit de Godlewski	1	Leopard	1.71728e+06	1.08111e+06	2.2373e+06	
jaune	2143	Malvasía Cabeciblanca	4		1.25808e+06	1.02341e+06	4.53418e+06	
marrón	2104	Araqua-pintado	4	Lion	4.29967e+06	171995	2.51771e+06	
pechschwarz	2141	Pipit de Godlewski	0	Cougar	417146	389184	432925	
fumée	2065	Malvasía Cabeciblanca	4	Asiatic Lion	1.11162e+06	324632	5.08894e+06	
Cerise	2073	Воробей	4	Clouded Leopard	1.8946e+06	692057	81935.2	
kohlrabenschwarz	2106	Орёл	2	Jaguar	2.37404e+06	1.11184e+06	7.78513e+06	
kohlrabenschwarz	2070	Löffelente	2		749948	544974	6.90682e+06	
blutrot	2117	Löffelente	2	Leopard	3.02892e+06	978020	160430	
Red-violet	2036	Macuco	4		2.0997e+06	431760	6.55945e+06	
rouge	2086	Macuco	4		3.04949e+06	396244	2.09314e+06	
Cerise	2076	Malvasía Cabeciblanca	4	Asiatic Lion	180274	1.21908e+06	3.3749e+06	
Red-violet	2136	Tüpfelsumpfhuhn	2	Snow Leopard	3.47688e+06	24196.5	1.15895e+07	
violeta	2049	Pica-pau-de-penacho	2	Leopard	738544	1.23177e+06	698775	
fumée	2041	Воробей	2	Jaguar	696935	498173	4.79596e+06	
jaune	2024	Marreca-cabocla	1	Cheetah	2.9315e+06	276622	2.84662e+06	
fumée	2145	Лебедь	4		1.28528e+06	1.28973e+06	5.85175e+06	
黄枯茶	2121	Weißwangengans	3	Leopard	1.44685e+06	354592	8.17686e+06	
violeta	2139	Pipit de Godlewski	2	Lion	677257	1.33781e+06	1.06308e+07	
濡れ羽色	2053	Tüpfelsumpfhuhn	2	Asiatic Lion	1.47273e+06	871805	7.38546e+06	
Grünspan	2112	Голубь	2		710480	922763	3.88999e+06	
Orange-red	2030	Воробей	1		2.04743e+06	925457	6.72643e+06	
pechschwarz	2128	Puffin des Baléares	1		2.30441e+06	145852	4.30573e+06	
fumée	2099	Silbón Europeo	3		3.0727e+06	189454	1.48807e+06	
коричневый	2124	Воробей	4	Lion	1.92531e+06	781389	348177	
púrpura	2133	Pipit de Godlewski	2	Cheetah	508934	434811	1.43174e+06	
pechschwarz	2143	Лебедь	0	Clouded Leopard	2.01201e+06	147974	3.42371e+06	
púrpura	2125	Голубь	4		3.06393e+06	235517	7016.99	
dorado	2065	Weißwangengans	1	Cheetah	306877	803211	1.63691e+06	
серый	2117	Araqua-pintado	2		197056	46393.6	7.3309e+06	
чёрный	2135	Weißwangengans	1		2.93597e+06	734651	8.42482e+06	
fumée	2062	Ánsar Piquicorto	1		3.45686e+06	499720	192576	
altrosa	2149	Weißwangengans	0		1.73411e+06	134581	7.60482e+06	
Grünspan	2067	Weißwangengans	0	Lion	2.93233e+06	611881	9.00779e+06	
türkis	2097	Purpurreiher	4	Cheetah	1.4174e+06	278910	3.21007e+06	
jaune	2087	Tüpfelsumpfhuhn	1	Asiatic Lion	743880	640769	9.96529e+06	
púrpura	2048	Голубь	4		921830	597462	9.60093e+06	
noir	2015	Silbón Europeo	2	Jaguar	1.54637e+06	889261	1.11783e+06	
jaune	2133	Weißwangengans	4	Cougar	1.95227e+06	441658	1.85605e+06	
türkis	2078	Silbón Europeo	2	Lion	263451	373225	1.09549e+07	
rouge	2093	Macuco	0	Jaguar	2.09815e+06	54596.7	2.67233e+06	
altrosa	2105	Löffelente	1		297763	71640.9	4.36737e+06	
altrosa	2064	Araqua-pintado	1	Asiatic Cheetah	62438.5	815598	7.24334e+06	
暗紅色/暗赤色	2119	Ánsar Piquicorto	4	Clouded Leopard	1.23048e+06	82875.6	5.39346e+06	
白湯	2122	Macreuse à bec jaune	1	Lion	3.91136e+06	480583	8.37437e+06	
türkis	2132	Macuco	2		4.44933e+06	1.14799e+06	9.56096e+06	
kohlrabenschwarz	2041	Malvasía Cabeciblanca	2	Lion	4.36644e+06	716827	4.60827e+06	
blutrot	2075	Malvasía Cabeciblanca	4	Jaguar	1.10217e+06	81957.5	8.25324e+06	
noir	2139	Silbón Europeo	4	Snow Leopard	376723	401848	8.98456e+06	
fumée	2028	Löffelente	3	Cougar	2.99501e+06	844465	4.42968e+06	
ébène	2055	Weißwangengans	1		769329	109432	1.07448e+07	
Grünspan	2062	Marreca-cabocla	4	Lion	2.08177e+06	215408	9.19379e+06	
café	2096	Tüpfelsumpfhuhn	2	Snow Leopard	419011	123211	3.97865e+06	
blutrot	2113	Macreuse à bec jaune	2		4.21948e+06	319134	1.12688e+06	
marrón	2033	Ánsar Piquicorto	2	Clouded Leopard	1.96764e+06	507335	8.80035e+06	
café	2082	Голубь	2	Mountain Lion	1.41333e+06	1.12069e+06	2.92613e+06	
серый	2122	Weißwangengans	2	Leopard	1.68528e+06	369531	2.83985e+06	
Grünspan	2115	Орёл	4	Leopard	1.92421e+06	455920	1.01086e+07	
schneeweiß	2117	Porrón Islándico	4	Jaguar	126598	1.06798e+06	4.38437e+06	
黄枯茶	2090	Silbón Europeo	4	Clouded Leopard	2.769e+06	784746	907303	
rouge	2100	Porrón Islándico	1		4.56594e+06	497671	2.21689e+06	
noir	2114	Purpurreiher	3		2.70141e+06	405583	1.07169e+07	
schneeweiß	2130	Лебедь	2		716226	326022	1.12405e+07	
暗紅色/暗赤色	2133	Pipit de Godlewski	0		2.26176e+06	185636	4.57662e+06	
pechschwarz	2134	Pipit de Godlewski	1	Cougar	2.87281e+06	466690	3.89672e+06	
fumée	2109	Macuco	4		2.11667e+06	720388	5.14445e+06	
schneeweiß	2031	Воробей	4	Mountain Lion	2.70234e+06	109994	7.13863e+06	
schneeweiß	2061	Macreuse à bec jaune	4		865350	196187	9.38626e+06	
fumée	2135	Malvasía Cabeciblanca	1	Leopard	2.74112e+06	486231	7.39296e+06	
dorado	2100	Marreca-cabocla	0	Amur Leopard	2.98391e+06	687219	1.03445e+07	
noir	2112	Голубь	3		2.70384e+06	123396	5.73831e+06	
жёлтый	2071	Tüpfelsumpfhuhn	2	Asiatic Lion	1.59261e+06	86707.2	3.90915e+06	
blutrot	2079	Puffin des Baléares	1	Lion	2.17688e+06	1.08389e+06	9.87848e+06	
blutrot	2026	Malvasía Cabeciblanca	4	Cheetah	704328	483951	5.57782e+06	
Indigo	2147	Weißwangengans	4	Snow Leopard	72409.1	703995	3.90935e+06	
altrosa	2022	Silbón Europeo	0		4.25146e+06	866292	1.58199e+06	
kohlrabenschwarz	2119	Tüpfelsumpfhuhn	0	Lion	2.10082e+06	109360	860872	
красный	2129	Голубь	4		1.72766e+06	14713.7	5.68046e+06	
暗紅色/暗赤色	2089	Araqua-pintado	2	Lion	1.93752e+06	446724	5.64579e+06	
rouge	2040	Pipit de Godlewski	2		2.1921e+06	370886	8.06456e+06	
白湯	2086	Puffin des Baléares	1	Clouded Leopard	4.69813e+06	838221	1.22676e+07	
kohlrabenschwarz	2112	Лебедь	2	Asiatic Lion	101131	9671.54	6.96442e+06	
türkis	2109	Pipit de Godlewski	4		248903	379080	5.75386e+06	
marrón	2105	Лебедь	4	Leopard	1.06879e+06	781615	9.07004e+06	
schneeweiß	2062	Purpurreiher	4	Asiatic Lion	1.53174e+06	1.0051e+06	9.5882e+06	
jaune	2011	Macuco	2		433531	264371	1.34118e+07	
blutrot	2076	Araqua-pintado	4		626162	1.22441e+06	8.91197e+06	
marrón	2149	Marreca-cabocla	2	Cougar	344717	621842	5.76344e+06	
schneeweiß	2064	Purpurreiher	4	Leopard	1.73984e+06	378794	900018	
dorado	2036	Голубь	3	Cougar	1.20595e+06	1.18272e+06	1.763e+06	
красный	2133	Malvasía Cabeciblanca	1		1.58014e+06	1.19231e+06	1.67513e+06	
céruse	2077	Pipit de Godlewski	1		813134	777955	5.56403e+06	
blutrot	2063	Macreuse à bec jaune	4	Mountain Lion	1.15478e+06	712351	7.69233e+06	
серый	2143	Araqua-pintado	4	Asiatic Lion	3.03914e+06	1.07401e+06	1.0282e+07	
schneeweiß	2149	Silbón Europeo	0		986172	57928.2	5.45568e+06	
violeta	2024	Porrón Islándico	4	Leopard	636292	864509	4.0785e+06	
violeta	2088	Silbón Europeo	1	Asiatic Lion	480952	400502	2.56497e+06	
café	2088	Porrón Islándico	3	Clouded Leopard	3.36e+06	286621	4.59526e+06	
café	2088	Purpurreiher	2		1.55469e+06	26663.3	3.9162e+06	
Red-violet	2132	Puffin des Baléares	0	Lion	3.27549e+06	341132	5.09914e+06	
серый	2066	Pipit de Godlewski	0		539402	46181.6	7.60777e+06	
marrón	2148	Pipit de Godlewski	2	Amur Leopard	870308	188005	1.23668e+07	
Orange-red	2089	Purpurreiher	1	Asiatic Lion	1.10929e+06	948922	3.82052e+06	
dorado	2121	Purpurreiher	3	Cougar	3.78793e+06	34721.8	2.67354e+06	
noir	2079	Pipit de Godlewski	0	Leopard	549015	314102	1.34066e+06	
marrón	2085	Purpurreiher	1	Cheetah	1.60109e+06	384032	8.80358e+06	
ébène	2113	Голубь	0		1.60216e+06	352239	1.24219e+07	
noir	2051	Pipit de Godlewski	4	Asiatic Cheetah	2.64317e+06	263246	26218.1	
café	2114	Tüpfelsumpfhuhn	4	Asiatic Lion	2.65236e+06	714024	2.01466e+06	
紅梅色	2107	Голубь	0	Asiatic Lion	1.94063e+06	67202.2	3.64128e+06	
Red-violet	2132	Tüpfelsumpfhuhn	4	Leopard	346848	438733	1.50772e+06	
schneeweiß	2064	Macuco	1	Clouded Leopard	326902	703205	6.79963e+06	
türkis	2043	Malvasía Cabeciblanca	1	Clouded Leopard	3.11844e+06	110052	8.41896e+06	
altrosa	2117	Macreuse à bec jaune	1	Asiatic Lion	2.00945e+06	361467	7.29766e+06	
rouge	2093	Purpurreiher	4		866234	1.04226e+06	1.87545e+06	
blutrot	2139	Pipit de Godlewski	4	Amur Leopard	789088	632946	227011	
café	2062	Araqua-pintado	0	Lion	1.80716e+06	115084	5.58043e+06	
zitronengelb	2103	Голубь	4	Asiatic Lion	1.97735e+06	27951.1	1.25221e+06	
türkis	2097	Pipit de Godlewski	4	Jaguar	653151	939039	1.42598e+06	
violeta	2109	Weißwangengans	2		1.24081e+06	1.14302e+06	4.98455e+06	
jaune	2068	Ánsar Piquicorto	4	Jaguar	4.44535e+06	470498	382818	
púrpura	2028	Pipit de Godlewski	1	Clouded Leopard	287196	180038	6.31941e+06	
красный	2125	Лебедь	2	Lion	3.98561e+06	148437	2.04817e+06	
黄枯茶	2134	Purpurreiher	4	Clouded Leopard	79587.1	240475	3.46504e+06	
türkis	2074	Malvasía Cabeciblanca	4	Clouded Leopard	2.32395e+06	1.03547e+06	3.85495e+06	
türkis	2074	Malvasía Cabeciblanca	1	Mountain Lion	1.48752e+06	195931	572335	
violeta	2114	Орёл	2		655354	339719	4.95395e+06	
濡れ羽色	2096	Weißwangengans	4		509098	975675	5.60502e+06	
schneeweiß	2094	Marreca-cabocla	4		816868	1.01214e+06	369411	
blutrot	2122	Araqua-pintado	2	Clouded Leopard	2.22118e+06	458135	2.00962e+06	
暗紅色/暗赤色	2015	Malvasía Cabeciblanca	2	Clouded Leopard	3.15964e+06	999564	6.46193e+06	
violeta	2091	Marreca-cabocla	2		136956	449245	1.41204e+07	
Grünspan	2043	Löffelente	4	Asiatic Cheetah	1.25702e+06	194154	7.87159e+06	
jaune	2121	Воробей	4		838633	709457	24193.4	
jaune	2125	Pipit de Godlewski	2		1.29446e+06	46602.2	2.63734e+06	
jaune	2062	Голубь	4		733821	441653	3.29907e+06	
серый	2110	Malvasía Cabeciblanca	4	Mountain Lion	171509	68134.6	4.36596e+06	
altrosa	2045	Орёл	4	Mountain Lion	3.80438e+06	551496	1.56967e+06	
schneeweiß	2147	Silbón Europeo	3	Asiatic Lion	322969	1.29506e+06	1.43091e+06	
pechschwarz	2094	Голубь	4	Asiatic Lion	889800	494764	1.31241e+06	
violeta	2102	Лебедь	1		3.27222e+06	675398	5.40344e+06	
rouge	2132	Löffelente	4		3.67835e+06	118082	1.12221e+07	
zitronengelb	2136	Macreuse à bec jaune	3		2.81198e+06	823424	7.83109e+06	
красный	2134	Malvasía Cabeciblanca	2	Mountain Lion	901008	742947	8.72122e+06	
púrpura	2129	Malvasía Cabeciblanca	4	Leopard	639314	785350	1.35451e+07	
café	2110	Macreuse à bec jaune	4	Leopard	583856	697706	2.51384e+06	
Indigo	2145	Macuco	4	Asiatic Cheetah	839660	409579	1.22747e+07	
violeta	2132	Pipit de Godlewski	2		1.96827e+06	112221	8.65666e+06	
黄枯茶	2107	Лебедь	4	Asiatic Cheetah	4.34404e+06	226889	129956	
marrón	2148	Marreca-cabocla	2		2.8361e+06	194060	740541	
Red-violet	2111	Голубь	1		1.94693e+06	96851	976836	
jaune	2117	Лебедь	1	Lion	1.85845e+06	306033	1.10749e+07	
púrpura	2129	Pipit de Godlewski	1	Mountain Lion	1.65019e+06	442595	1.00134e+07	
Grünspan	2145	Pipit de Godlewski	4	Mountain Lion	1.75333e+06	284092	385718	
blutrot	2054	Löffelente	1	Jaguar	4.03833e+06	735806	7.26294e+06	
türkis	2099	Macreuse à bec jaune	2	Snow Leopard	1.46371e+06	259205	802166	
fumée	2068	Löffelente	4	Asiatic Cheetah	405888	408015	3.84084e+06	
jaune	2142	Pipit de Godlewski	1	Cougar	1.72443e+06	107551	1.27271e+06	
pechschwarz	2121	Weißwangengans	4	Lion	2.37879e+06	63122.8	6.12738e+06	
zitronengelb	2083	Macreuse à bec jaune	4	Amur Leopard	2.25634e+06	177131	9.38182e+06	
schneeweiß	2078	Tüpfelsumpfhuhn	1		3.81272e+06	222212	9.46052e+06	
café	2121	Pipit de Godlewski	1	Cheetah	2.69747e+06	710899	1.28425e+07	
kohlrabenschwarz	2080	Орёл	1	Jaguar	1.18733e+06	121114	9.38496e+06	
altrosa	2087	Tüpfelsumpfhuhn	1	Cheetah	548417	1.0581e+06	12124.9	
rouge	2149	Воробей	4	Leopard	1.04179e+06	426237	262288	
серый	2102	Pipit de Godlewski	2	Lion	1.81227e+06	803345	2.99532e+06	
café	2128	Weißwangengans	0	Leopard	845119	222501	1.10764e+06	
暗紅色/暗赤色	2021	Marreca-cabocla	1		2.70544e+06	814963	9.08777e+06	
marrón	2003	Löffelente	0	Jaguar	612828	788687	1.60574e+06	
zitronengelb	2096	Macuco	4	Asiatic Lion	3.66759e+06	483201	1.87063e+06	
púrpura	2070	Macreuse à bec jaune	2		1.58113e+06	418155	6.93482e+06	
púrpura	2075	Araqua-pintado	4		2.75561e+06	1.3131e+06	1.09248e+07	
Cerise	2109	Ánsar Piquicorto	2	Lion	2.19112e+06	80769.8	2.13117e+06	
blutrot	2121	Воробей	4		1.54206e+06	150341	1.10163e+07	
Red-violet	2111	Malvasía Cabeciblanca	4	Leopard	2.26068e+06	14283.2	5.84698e+06	
blutrot	2132	Araqua-pintado	4	Asiatic Lion	4.37717e+06	189322	7.23439e+06	
türkis	2127	Malvasía Cabeciblanca	2		208154	966489	1.3363e+07	
schneeweiß	2088	Pipit de Godlewski	2		2.7142e+06	497004	193563	
Red-violet	2086	Puffin des Baléares	4	Lion	1.22587e+06	20415.2	1.03493e+06	
schneeweiß	2093	Weißwangengans	2	Lion	583476	678705	2.14876e+06	
marrón	2146	Macreuse à bec jaune	2	Snow Leopard	557880	171682	372672	
púrpura	2103	Silbón Europeo	4	Amur Leopard	757093	25402.2	9.1716e+06	
rouge	2106	Воробей	1		558256	1.02976e+06	8.47534e+06	
ébène	2106	Araqua-pintado	1	Leopard	1.05553e+06	1.05705e+06	7.35959e+06	
коричневый	2031	Purpurreiher	1		1.92483e+06	152820	3.08987e+06	
blanc	2128	Puffin des Baléares	1		413719	1.01747e+06	1.32907e+06	
красный	2090	Löffelente	2	Lion	800910	390773	2.02972e+06	
blutrot	2079	Pipit de Godlewski	2		609098	853957	1.32727e+07	
violeta	2145	Pipit de Godlewski	2		2.44097e+06	47460.4	1.09389e+07	
schneeweiß	2132	Purpurreiher	2	Jaguar	2.36429e+06	74172.6	1.00965e+07	
marrón	2130	Pipit de Godlewski	2		641470	51574.7	7.37401e+06	
marrón	2055	Purpurreiher	4		3.60642e+06	555311	675814	
жёлтый	2148	Puffin des Baléares	1	Asiatic Cheetah	2.09464e+06	755597	1.12179e+07	
紅梅色	2132	Weißwangengans	2	Jaguar	329258	213051	1.96471e+06	
fumée	2122	Голубь	1	Leopard	1.82893e+06	86594	3.34569e+06	
красный	2132	Macreuse à bec jaune	1	Jaguar	4.59669e+06	1.2681e+06	6.22897e+06	
rouge	2085	Tüpfelsumpfhuhn	3	Mountain Lion	2.80407e+06	487622	4.18658e+06	
marrón	2067	Лебедь	4	Asiatic Lion	927788	798212	821282	
altrosa	2066	Purpurreiher	4		2.69801e+06	178015	3.92278e+06	
Red-violet	2080	Tüpfelsumpfhuhn	1	Lion	1.06817e+06	284341	6.44074e+06	
marrón	2102	Weißwangengans	1		1.12946e+06	38877.4	7.91424e+06	
púrpura	2135	Malvasía Cabeciblanca	1		180669	885749	812793	
blutrot	2085	Pipit de Godlewski	2		340178	148852	9.52177e+06	
púrpura	2092	Macreuse à bec jaune	4	Amur Leopard	2.05675e+06	317552	2.4017e+06	
marrón	2128	Macreuse à bec jaune	1	Mountain Lion	4.33451e+06	492024	4.47259e+06	
濡れ羽色	2106	Purpurreiher	4		2.40928e+06	232456	856801	
красный	2110	Орёл	2		499189	585026	512718	
Red-violet	2082	Puffin des Baléares	2	Asiatic Lion	1.2178e+06	249005	1.15894e+07	
Grünspan	2076	Silbón Europeo	2	Jaguar	1.39487e+06	616361	1.13854e+06	
красный	2054	Tüpfelsumpfhuhn	4	Mountain Lion	1.60025e+06	1.20879e+06	2.16877e+06	
красный	2067	Macreuse à bec jaune	4	Leopard	1.13676e+06	748901	1.31722e+06	
zitronengelb	2131	Marreca-cabocla	4		753705	627617	9.83248e+06	
jaune	2022	Tüpfelsumpfhuhn	1	Clouded Leopard	2.77633e+06	335084	4.98252e+06	
jaune	2031	Löffelente	1	Mountain Lion	2.38879e+06	684496	7.86394e+06	
jaune	2101	Pipit de Godlewski	4	Lion	2.11623e+06	331326	5.0316e+06	
violeta	2090	Pica-pau-de-penacho	1		951053	712594	8.06939e+06	
Grünspan	2131	Purpurreiher	0	Amur Leopard	4.07552e+06	98999.3	9.40126e+06	
Cerise	2122	Лебедь	4	Amur Leopard	2.64731e+06	78379.9	140220	
schneeweiß	2035	Pipit de Godlewski	3	Snow Leopard	3.51909e+06	124313	7.0701e+06	
kohlrabenschwarz	2106	Malvasía Cabeciblanca	2		1.30157e+06	188635	6.39683e+06	
blanc	2140	Macreuse à bec jaune	1	Leopard	1.08573e+06	1.18713e+06	2.50492e+06	
altrosa	2126	Malvasía Cabeciblanca	4	Asiatic Cheetah	681440	567184	240189	
pechschwarz	2128	Pipit de Godlewski	2	Cougar	2.34155e+06	213169	3.81506e+06	
pechschwarz	2104	Macuco	2		413432	598750	5.1758e+06	
Indigo	2048	Лебедь	2	Mountain Lion	534226	1.37329e+06	5.66697e+06	
púrpura	2077	Tüpfelsumpfhuhn	4		1.0104e+06	117309	8.26378e+06	
Grünspan	2088	Macuco	4		2.15841e+06	843615	642248	
красный	2085	Macreuse à bec jaune	1		1.81962e+06	756636	2.58814e+06	
fumée	2096	Purpurreiher	1	Lion	1.16267e+06	7736.12	3.80733e+06	
jaune	2125	Голубь	4	Asiatic Lion	3.43312e+06	1.26837e+06	5.39935e+06	
rouge	2146	Löffelente	1		388845	967110	7.57029e+06	
marrón	2095	Malvasía Cabeciblanca	1	Clouded Leopard	3.90361e+06	200773	4.04718e+06	
Red-violet	2146	Araqua-pintado	4	Lion	229728	279369	1.20253e+06	
jaune	2114	Purpurreiher	4	Clouded Leopard	2.07583e+06	991763	3.50911e+06	
красный	2096	Araqua-pintado	1		1.58429e+06	585662	696281	
türkis	2121	Pipit de Godlewski	2	Leopard	514657	77435.6	8.55771e+06	
濡れ羽色	2081	Tüpfelsumpfhuhn	0		552157	358317	1.16424e+07	
fumée	2107	Голубь	4	Snow Leopard	579769	153472	6.30264e+06	
violeta	2094	Tüpfelsumpfhuhn	1		4.81257e+06	177757	2.92597e+06	
türkis	2127	Silbón Europeo	3	Clouded Leopard	1.65683e+06	245971	3.21572e+06	
dorado	2120	Weißwangengans	0		703215	698657	2.02993e+06	
violeta	2085	Araqua-pintado	4	Cougar	214860	781186	4.76976e+06	
Grünspan	2136	Löffelente	1	Lion	1.958e+06	1.19449e+06	764618	
marrón	2009	Araqua-pintado	1		1.94824e+06	671695	2.43584e+06	
dorado	2111	Орёл	4	Jaguar	1.95835e+06	309697	4.03611e+06	
blutrot	2130	Macuco	4	Mountain Lion	3.62516e+06	617021	786127	
türkis	2068	Weißwangengans	2	Snow Leopard	1.81847e+06	422717	1.37045e+06	
blutrot	2094	Macreuse à bec jaune	4		2.14766e+06	237674	1.62007e+06	
Cerise	2140	Macreuse à bec jaune	2	Cheetah	4.4989e+06	932142	1.60844e+06	
türkis	2109	Purpurreiher	4	Jaguar	3.17026e+06	69249.5	1.34285e+07	
blutrot	2117	Tüpfelsumpfhuhn	0		3.47064e+06	35202.5	2.93042e+06	
pechschwarz	2077	Puffin des Baléares	4	Leopard	2.02407e+06	383752	6.2982e+06	
暗紅色/暗赤色	2016	Puffin des Baléares	4	Asiatic Lion	2.24643e+06	174744	8.81813e+06	
marrón	2106	Лебедь	2		547822	113313	3.5548e+06	
Cerise	2121	Tüpfelsumpfhuhn	4	Clouded Leopard	634988	237267	5.49569e+06	
marrón	2138	Puffin des Baléares	4	Jaguar	2.00893e+06	146840	7.71943e+06	
blanc	2139	Macuco	0	Asiatic Lion	3.03424e+06	1.36409e+06	205998	
jaune	2120	Воробей	4	Jaguar	1.61457e+06	106276	2.35342e+06	
jaune	2129	Purpurreiher	4		1.35991e+06	678931	44314.4	
café	2039	Malvasía Cabeciblanca	4		1.49736e+06	1.30345e+06	1.98292e+06	
rouge	2133	Pipit de Godlewski	4	Lion	2.28345e+06	919916	7.61925e+06	
jaune	2083	Голубь	1	Asiatic Cheetah	2.77777e+06	401086	4.38977e+06	
rouge	2147	Araqua-pintado	4	Jaguar	3.69471e+06	391584	1.12716e+07	
Grünspan	2061	Purpurreiher	3	Lion	3.26408e+06	309320	9.09406e+06	
暗紅色/暗赤色	2077	Purpurreiher	2	Cheetah	2.54722e+06	243676	6.50704e+06	
púrpura	2132	Malvasía Cabeciblanca	1	Asiatic Lion	1.41857e+06	1.2299e+06	7.69676e+06	
Orange-red	2042	Macuco	0	Lion	2.83418e+06	249788	7.82295e+06	
暗紅色/暗赤色	2138	Puffin des Baléares	0		2.23027e+06	631737	8.09935e+06	
ébène	2147	Macuco	4	Cougar	2.756e+06	190660	1.03882e+07	
púrpura	2093	Macreuse à bec jaune	4		256287	727109	6.47031e+06	
altrosa	2096	Araqua-pintado	3	Jaguar	808612	650541	1.02361e+07	
pechschwarz	2079	Löffelente	4	Clouded Leopard	136757	412056	1.30714e+06	
pechschwarz	2137	Голубь	2	Cheetah	2.09793e+06	174430	5.52434e+06	
noir	2031	Macreuse à bec jaune	0	Clouded Leopard	741811	883508	2.88777e+06	
jaune	2134	Pipit de Godlewski	4		4.25098e+06	403382	1.55222e+06	
kohlrabenschwarz	2088	Purpurreiher	2	Lion	564922	140852	3.97901e+06	
kohlrabenschwarz	2123	Weißwangengans	2		3.19223e+06	687074	3.78832e+06	
kohlrabenschwarz	2135	Голубь	0	Asiatic Lion	1.2064e+06	256323	3.87845e+06	
Red-violet	2149	Malvasía Cabeciblanca	1	Cheetah	1.71824e+06	145633	5.21502e+06	
türkis	2123	Araqua-pintado	4	Clouded Leopard	274910	941593	4.10491e+06	
rouge	2077	Tüpfelsumpfhuhn	2		1.02364e+06	311101	347889	
marrón	2128	Pipit de Godlewski	2	Leopard	3.17843e+06	787964	1.34812e+07	
墨色	2143	Голубь	4		612291	640104	582591	
濡れ羽色	2100	Silbón Europeo	4	Asiatic Cheetah	920622	149147	9.30668e+06	
marrón	2140	Purpurreiher	2		1.50629e+06	574366	1.27338e+06	
jaune	2002	Pipit de Godlewski	4		1.54442e+06	75063.7	4.74048e+06	
jaune	2014	Pica-pau-de-penacho	1	Lion	1.68711e+06	431254	4.19754e+06	
altrosa	2065	Purpurreiher	4	Asiatic Cheetah	775527	277671	7.68917e+06	
blutrot	2096	Purpurreiher	1		2.86097e+06	137464	2.80081e+06	
墨色	2137	Silbón Europeo	4	Lion	3.43551e+06	235994	3.34399e+06	
Grünspan	2141	Araqua-pintado	1	Cheetah	1.19542e+06	26867.4	1.28525e+07	
Red-violet	2146	Голубь	1	Jaguar	308098	565384	2.57532e+06	
schneeweiß	2117	Pipit de Godlewski	0	Clouded Leopard	925711	358290	4.20287e+06	
rouge	2076	Purpurreiher	2		3.21123e+06	426961	5.47552e+06	
rouge	2140	Pica-pau-de-penacho	0	Cougar	2.70771e+06	719389	3.77342e+06	
Red-violet	2111	Weißwangengans	1		2.33096e+06	239352	4.24298e+06	
púrpura	2101	Purpurreiher	1		2.90933e+06	436649	7.21158e+06	
noir	2141	Löffelente	1		2.65688e+06	368141	4.05495e+06	
schneeweiß	2121	Porrón Islándico	1	Leopard	2.59155e+06	59186.5	7.48783e+06	
紅梅色	2027	Araqua-pintado	1	Clouded Leopard	729898	259305	7.6313e+06	
dorado	2045	Лебедь	2		3.09882e+06	617133	5.67271e+06	
café	2024	Araqua-pintado	2		2.53967e+06	274832	1.22821e+06	
Cerise	2064	Macuco	1	Mountain Lion	372987	766134	5.19675e+06	
ébène	2136	Araqua-pintado	2	Asiatic Lion	4.37275e+06	524797	3.6094e+06	
café	2062	Purpurreiher	4		1.82234e+06	872019	5.82745e+06	
fumée	2108	Орёл	2		1.17469e+06	557563	6.79433e+06	
rouge	2132	Голубь	4	Leopard	4.21707e+06	504552	4.48364e+06	
Cerise	2119	Malvasía Cabeciblanca	4	Clouded Leopard	1.32063e+06	617136	1.50954e+06	
schneeweiß	2053	Голубь	4	Clouded Leopard	1.89883e+06	100005	1.01422e+07	
pechschwarz	2119	Macuco	1	Amur Leopard	529225	408876	2.96838e+06	
Red-violet	2075	Porrón Islándico	0	Asiatic Lion	1.02261e+06	315619	4.56724e+06	
violeta	2127	Marreca-cabocla	0	Clouded Leopard	1.42926e+06	223672	5.08956e+06	
жёлтый	2040	Purpurreiher	4	Mountain Lion	1.62617e+06	561916	1.54407e+06	
noir	2082	Weißwangengans	1	Clouded Leopard	1.95232e+06	751887	5.95315e+06	
коричневый	2124	Macuco	2	Jaguar	3.69059e+06	1.16351e+06	4.54387e+06	
濡れ羽色	2098	Голубь	2	Asiatic Lion	66663	805393	207476	
blutrot	2136	Macuco	3	Cougar	2.23118e+06	294850	9.23487e+06	
violeta	2097	Tüpfelsumpfhuhn	2		2.78906e+06	805304	5.04526e+06	
türkis	2065	Löffelente	1	Asiatic Lion	2.28879e+06	459554	6.84771e+06	
rouge	2134	Araqua-pintado	1	Cheetah	279235	793996	4.16501e+06	
fumée	2102	Pica-pau-de-penacho	2	Jaguar	1.388e+06	36343.6	1.19135e+07	
jaune	2113	Weißwangengans	1	Mountain Lion	198776	557310	1.08893e+07	
Red-violet	2044	Tüpfelsumpfhuhn	4	Snow Leopard	1.09097e+06	999851	7.32059e+06	
blutrot	2097	Macuco	1	Leopard	3.81021e+06	548962	785441	
Red-violet	2068	Marreca-cabocla	4	Mountain Lion	1.26344e+06	414358	3.55803e+06	
marrón	2119	Tüpfelsumpfhuhn	2	Jaguar	376272	1.1995e+06	291145	
café	2123	Araqua-pintado	4	Amur Leopard	489302	559586	3.97923e+06	
濡れ羽色	2083	Araqua-pintado	2	Clouded Leopard	2.19042e+06	123152	6.64142e+06	
pechschwarz	2120	Голубь	1	Clouded Leopard	1.15302e+06	482477	6.26636e+06	
altrosa	2096	Weißwangengans	3	Jaguar	820354	1.0494e+06	7.22979e+06	
púrpura	2100	Malvasía Cabeciblanca	4	Asiatic Lion	772279	691427	797891	
rouge	2120	Macreuse à bec jaune	4	Asiatic Lion	4.23365e+06	617792	3.61927e+06	
коричневый	2138	Weißwangengans	4	Leopard	1.62095e+06	58902.7	2.17646e+06	
zitronengelb	2118	Pipit de Godlewski	4	Amur Leopard	1.90479e+06	322609	1.92947e+06	
濡れ羽色	2116	Tüpfelsumpfhuhn	2	Mountain Lion	1.93539e+06	878877	3.47039e+06	
Indigo	2083	Pipit de Godlewski	4		2.22181e+06	415672	2.21041e+06	
Grünspan	2144	Weißwangengans	0	Asiatic Lion	427526	436403	1.50458e+06	
rouge	2138	Ánsar Piquicorto	2	Leopard	2.00457e+06	966278	197891	
jaune	2114	Goéland d'Amérique	4	Cheetah	1.13084e+06	104258	6.43603e+06	
schneeweiß	2122	Malvasía Cabeciblanca	2	Asiatic Lion	1.35464e+06	604167	775340	
púrpura	2138	Weißwangengans	1	Snow Leopard	3.21296e+06	756256	4.69346e+06	
schneeweiß	2130	Pica-pau-de-penacho	1	Asiatic Lion	224667	254834	9.59002e+06	
jaune	2045	Macuco	2		3.31478e+06	365458	1.41416e+07	
jaune	2121	Puffin des Baléares	4	Asiatic Cheetah	1.9109e+06	537411	2.72951e+06	
красный	2107	Macreuse à bec jaune	4	Lion	875685	107026	5.0645e+06	
café	2129	Macreuse à bec jaune	2		967875	422237	6.51797e+06	
Grünspan	2137	Weißwangengans	1		1.58566e+06	274655	9.58053e+06	
schneeweiß	2131	Ánsar Piquicorto	3	Asiatic Lion	3.46641e+06	26271	6.57043e+06	
schneeweiß	2147	Weißwangengans	2	Asiatic Cheetah	2.54385e+06	626406	8.09384e+06	
noir	2094	Weißwangengans	4		489062	259677	661112	
türkis	2108	Purpurreiher	4	Asiatic Lion	1.53723e+06	854026	3.34613e+06	
Indigo	2144	Purpurreiher	1	Lion	776787	206913	1.55021e+06	
marrón	2131	Silbón Europeo	1		672721	526394	5.96099e+06	
kohlrabenschwarz	2130	Pipit de Godlewski	4		334811	718481	1.10832e+07	
rouge	2092	Purpurreiher	4	Mountain Lion	765068	148320	6.51047e+06	
白湯	2096	Воробей	1		1.86934e+06	44330.1	1.54942e+06	
altrosa	2104	Silbón Europeo	2	Cougar	409424	908030	8107.59	
blutrot	2068	Macreuse à bec jaune	2		1.16657e+06	557067	1.06547e+07	
blutrot	2045	Macreuse à bec jaune	4		2.62762e+06	695638	3.93834e+06	
céruse	2108	Macreuse à bec jaune	4	Lion	3.35745e+06	727846	1.28096e+07	
schneeweiß	2071	Tüpfelsumpfhuhn	4		3.692e+06	435616	1.39237e+07	
Grünspan	2106	Ánsar Piquicorto	0		862632	17962.1	2.30237e+06	
blutrot	2122	Pipit de Godlewski	2	Snow Leopard	275425	494286	7.34535e+06	
濡れ羽色	2137	Malvasía Cabeciblanca	1	Leopard	1.41256e+06	417813	5.53512e+06	
jaune	2071	Purpurreiher	4		269327	875452	2.45123e+06	
pechschwarz	2149	Голубь	2		63904.8	313988	3.41966e+06	
ébène	2134	Löffelente	2		3.76974e+06	213526	4.99127e+06	
fumée	2125	Tüpfelsumpfhuhn	2	Cougar	2.65699e+06	173269	5.58302e+06	
blanc	2137	Голубь	2	Amur Leopard	2.94847e+06	436507	8.99657e+06	
marrón	2087	Pipit de Godlewski	4		2.85334e+06	231243	3.81548e+06	
rouge	2127	Pipit de Godlewski	4		2.11831e+06	540642	6.22613e+06	
暗紅色/暗赤色	2087	Голубь	4	Snow Leopard	1.7851e+06	698366	4.9649e+06	
türkis	2081	Purpurreiher	0		306417	26488.4	9.62588e+06	
暗紅色/暗赤色	2064	Puffin des Baléares	1	Mountain Lion	1.43352e+06	290380	1.82464e+06	
jaune	2107	Tüpfelsumpfhuhn	2		1.65707e+06	897500	6.73576e+06	
ébène	2094	Malvasía Cabeciblanca	0	Cougar	4.23108e+06	157395	592380	
zitronengelb	2063	Purpurreiher	2	Jaguar	1.39831e+06	245828	5.32706e+06	
púrpura	2044	Ánsar Piquicorto	2	Cheetah	4.03724e+06	1.18219e+06	3.83714e+06	
marrón	2147	Орёл	3	Asiatic Lion	1.2249e+06	214823	7.08685e+06	
altrosa	2091	Araqua-pintado	4		2.06323e+06	1.0668e+06	1.02667e+07	
türkis	2130	Tüpfelsumpfhuhn	4		854182	643636	1.41944e+07	
violeta	2065	Pipit de Godlewski	4	Mountain Lion	277199	465242	4.7648e+06	
Red-violet	2080	Puffin des Baléares	1	Leopard	1.00923e+06	676861	8.0144e+06	
türkis	2140	Puffin des Baléares	4	Leopard	363693	354213	1.42833e+07	
Grünspan	2064	Marreca-cabocla	1	Clouded Leopard	628910	365788	7.842e+06	
blutrot	2083	Löffelente	1	Asiatic Lion	1.93519e+06	745040	7.89753e+06	
café	2100	Purpurreiher	2		3.18994e+06	266914	3.90963e+06	
rouge	2135	Marreca-cabocla	1		2.65212e+06	425332	7.46409e+06	
púrpura	2100	Pica-pau-de-penacho	4	Leopard	4.3079e+06	205370	3.78011e+06	
красный	2028	Лебедь	4		1.74617e+06	609836	3.50408e+06	
красный	2099	Голубь	2	Amur Leopard	1.33955e+06	1.00889e+06	1.22242e+07	
blutrot	2108	Löffelente	1	Cheetah	4.43587e+06	1.17848e+06	2.11404e+06	
rouge	2122	Silbón Europeo	4		1.17629e+06	388209	1.64493e+06	
altrosa	2115	Macreuse à bec jaune	4	Clouded Leopard	1.13265e+06	370146	7.63458e+06	
красный	2049	Weißwangengans	3	Leopard	1.89679e+06	484412	5.18762e+06	
café	2130	Löffelente	1	Leopard	2.90097e+06	653353	9.43129e+06	
黄枯茶	2088	Purpurreiher	1		3.12211e+06	991381	1.3649e+07	
kohlrabenschwarz	2117	Puffin des Baléares	4	Lion	3.44492e+06	77476.5	1.29283e+07	
jaune	2136	Marreca-cabocla	4	Clouded Leopard	3.21335e+06	267746	1.65604e+06	
zitronengelb	2140	Воробей	2	Clouded Leopard	1.3486e+06	83560.1	327480	
altrosa	2031	Tüpfelsumpfhuhn	2		2.8e+06	1.18576e+06	4.96581e+06	
blutrot	2131	Ánsar Piquicorto	4	Cougar	1.35407e+06	777952	5.32994e+06	
pechschwarz	2118	Purpurreiher	1	Lion	400656	218627	1.14888e+06	
rouge	2072	Araqua-pintado	4		603324	160118	6.4451e+06	
жёлтый	2064	Лебедь	2		3.33532e+06	536903	1.06321e+07	
rouge	2107	Tüpfelsumpfhuhn	1	Leopard	2.73068e+06	45361.9	5.50934e+06	
schneeweiß	2119	Silbón Europeo	4		1.45635e+06	77327.9	5.17565e+06	
café	2116	Malvasía Cabeciblanca	2	Cougar	777321	80965.7	4.75401e+06	
濡れ羽色	2028	Malvasía Cabeciblanca	4		1.49663e+06	349443	1.21242e+07	
Grünspan	2054	Лебедь	4		1.34091e+06	826559	76.1147	
rouge	2121	Puffin des Baléares	1	Cougar	2.89633e+06	473148	5.46595e+06	
blutrot	2070	Purpurreiher	2	Asiatic Lion	1.18503e+06	1.07906e+06	1.15612e+07	
pechschwarz	2096	Pipit de Godlewski	2		1.9033e+06	75798.6	2.31699e+06	
zitronengelb	2126	Purpurreiher	2		3.71801e+06	518821	8.40303e+06	
marrón	2114	Marreca-cabocla	4	Asiatic Lion	2.82369e+06	406797	2.33923e+06	
marrón	2107	Malvasía Cabeciblanca	2	Lion	1.46698e+06	408743	1.33714e+06	
濡れ羽色	2084	Malvasía Cabeciblanca	4	Jaguar	1.20881e+06	320536	1.34755e+06	
jaune	2128	Macuco	2	Jaguar	469888	385181	7.00467e+06	
café	2128	Tüpfelsumpfhuhn	2		2.9037e+06	498710	4.50559e+06	
жёлтый	2137	Purpurreiher	1	Mountain Lion	578456	1.33291e+06	6.87051e+06	
noir	2115	Weißwangengans	2	Leopard	1.20846e+06	129120	1.15049e+06	
jaune	2113	Löffelente	1	Asiatic Lion	457880	483920	5.89921e+06	
rouge	2148	Purpurreiher	3	Cougar	2.58742e+06	1.17853e+06	2.91254e+06	
красный	2018	Löffelente	4		1.01189e+06	419445	1.45481e+06	
schneeweiß	2097	Голубь	1	Lion	2.37714e+06	512063	1.00922e+07	
Red-violet	2070	Puffin des Baléares	2	Asiatic Lion	3.01514e+06	101082	3.17527e+06	
kohlrabenschwarz	2130	Macreuse à bec jaune	4		2.23993e+06	781337	4.87721e+06	
marrón	2112	Goéland d'Amérique	1	Jaguar	291575	683161	617873	
blanc	2109	Голубь	3	Snow Leopard	1.34931e+06	240755	1.13376e+07	
dorado	2035	Tüpfelsumpfhuhn	2	Jaguar	2.99693e+06	488130	1.17583e+07	
白湯	2120	Löffelente	4		2.07988e+06	1.26791e+06	63465.4	
blutrot	2067	Ánsar Piquicorto	2	Asiatic Lion	1.21047e+06	1.2094e+06	8.602e+06	
schneeweiß	2104	Weißwangengans	4		1.65412e+06	939642	1.29602e+07	
dorado	2104	Орёл	0	Amur Leopard	1.41503e+06	211770	7.11821e+06	
Grünspan	2068	Weißwangengans	0	Lion	1.39485e+06	385432	4.89372e+06	
blutrot	2089	Purpurreiher	1	Amur Leopard	880074	33932.7	4.28983e+06	
pechschwarz	2105	Malvasía Cabeciblanca	4	Mountain Lion	1.26021e+06	342351	1.24261e+07	
café	2061	Голубь	4	Jaguar	933964	63932.2	4.39021e+06	
marrón	2058	Лебедь	1		907199	1.21408e+06	5.33904e+06	
Grünspan	2041	Weißwangengans	4	Lion	2.17806e+06	252235	1.79842e+06	
altrosa	2085	Goéland d'Amérique	4	Lion	3.43653e+06	140107	1.81526e+06	
café	2097	Орёл	4	Lion	3.09944e+06	399209	612810	
jaune	2048	Pipit de Godlewski	1	Jaguar	2.13021e+06	44702.3	4.23424e+06	
暗紅色/暗赤色	2141	Purpurreiher	1	Amur Leopard	451511	399797	5.66554e+06	
schneeweiß	2107	Pipit de Godlewski	0		1.92648e+06	305614	6.85461e+06	
коричневый	2149	Голубь	1	Leopard	2.50883e+06	337833	1.69401e+06	
Grünspan	2029	Porrón Islándico	2		1.29294e+06	66796.1	4.20689e+06	
púrpura	2024	Лебедь	2	Asiatic Lion	1.75956e+06	1.17746e+06	3.25324e+06	
türkis	2109	Purpurreiher	1	Asiatic Lion	770210	189100	9.24786e+06	
schneeweiß	2121	Weißwangengans	2	Cougar	1.68569e+06	87122.3	923154	
ébène	2124	Macreuse à bec jaune	1	Leopard	671740	1.35991e+06	9.14978e+06	
schneeweiß	2125	Орёл	4	Cougar	633382	26044.1	9.0015e+06	
blutrot	2085	Weißwangengans	4	Mountain Lion	308309	439759	9.52267e+06	
altrosa	2063	Macreuse à bec jaune	4		1.15978e+06	59104.9	4.50994e+06	
Grünspan	2104	Tüpfelsumpfhuhn	4		1.2625e+06	189330	2.30338e+06	
kohlrabenschwarz	2123	Лебедь	3	Clouded Leopard	2.48985e+06	292216	9.80642e+06	
jaune	2090	Орёл	2		4.22195e+06	884341	1.28982e+06	
marrón	2063	Malvasía Cabeciblanca	4	Asiatic Cheetah	472914	1.23579e+06	7.89435e+06	
blutrot	2138	Голубь	0	Cheetah	3.318e+06	438720	8.80516e+06	
púrpura	2114	Araqua-pintado	1		3.51182e+06	1.04904e+06	2.60026e+06	
café	2053	Macreuse à bec jaune	4	Clouded Leopard	276468	746049	1.17757e+07	
pechschwarz	2040	Лебедь	4	Lion	1.05184e+06	459502	5.69026e+06	
ébène	2121	Орёл	1	Cheetah	1.20784e+06	120066	4.33854e+06	
blutrot	2118	Malvasía Cabeciblanca	1	Jaguar	1.10011e+06	712100	1.63169e+06	
blutrot	2143	Tüpfelsumpfhuhn	4	Jaguar	2.01184e+06	264119	5.4387e+06	
kohlrabenschwarz	2103	Marreca-cabocla	0	Snow Leopard	927260	1.02027e+06	1.60204e+06	
schneeweiß	2033	Pipit de Godlewski	1	Snow Leopard	796536	348393	3.34969e+06	
kohlrabenschwarz	2101	Purpurreiher	4	Lion	3.42625e+06	331886	4.45082e+06	
noir	2078	Marreca-cabocla	2		1.30322e+06	999773	4.25449e+06	
黄枯茶	2027	Macreuse à bec jaune	0		1.25616e+06	1.08081e+06	8.6383e+06	
濡れ羽色	2125	Pipit de Godlewski	4		3.06433e+06	800137	3.00833e+06	
pechschwarz	2061	Silbón Europeo	1	Asiatic Lion	517835	382999	2.38858e+06	
fumée	2094	Pipit de Godlewski	1	Snow Leopard	700439	30295	4.71039e+06	
pechschwarz	2126	Goéland d'Amérique	4	Lion	1.87995e+06	548483	9.57104e+06	
schneeweiß	2145	Голубь	1	Mountain Lion	2.8905e+06	1.06196e+06	2.27858e+06	
púrpura	2119	Macuco	4	Clouded Leopard	2.05774e+06	316382	858633	
blanc	2118	Araqua-pintado	1		2.00957e+06	297510	3.37948e+06	
rouge	2098	Tüpfelsumpfhuhn	4	Leopard	714245	371763	1.30762e+07	
altrosa	2143	Голубь	4	Cheetah	1.35801e+06	649601	2.85907e+06	
dorado	2145	Araqua-pintado	4	Jaguar	2.32531e+06	620205	6.87899e+06	
jaune	2133	Macuco	4	Clouded Leopard	1.2589e+06	536050	3.31889e+06	
Grünspan	2051	Ánsar Piquicorto	4	Leopard	2.94343e+06	450266	8.98544e+06	
marrón	2137	Purpurreiher	2	Leopard	249122	775579	1.07192e+06	
Grünspan	2133	Tüpfelsumpfhuhn	2	Mountain Lion	641442	229116	460648	
blanc	2076	Macuco	2	Jaguar	4.10121e+06	735347	6.3545e+06	
黄枯茶	2098	Araqua-pintado	1		934939	1.03272e+06	8.39142e+06	
jaune	2129	Pipit de Godlewski	1		2.478e+06	57136.9	8.45774e+06	
Grünspan	2057	Weißwangengans	1	Lion	1.14216e+06	821748	8.22225e+06	
rouge	2063	Pipit de Godlewski	1	Asiatic Lion	1.56471e+06	832276	3.11057e+06	
Grünspan	2142	Löffelente	1	Lion	4.32847e+06	497421	5.54929e+06	
rouge	2077	Araqua-pintado	4		923122	92586.9	6.96527e+06	
zitronengelb	2131	Pipit de Godlewski	0		2.66497e+06	167712	3.51439e+06	
kohlrabenschwarz	2083	Silbón Europeo	4	Mountain Lion	322041	937032	35114.7	
pechschwarz	2075	Ánsar Piquicorto	4	Cougar	882766	90084.4	1.15816e+06	
púrpura	2145	Macreuse à bec jaune	2	Asiatic Lion	749815	1.06935e+06	5.61064e+06	
красный	2135	Pipit de Godlewski	3	Cougar	285907	297603	2.33647e+06	
café	2037	Macuco	4	Lion	2.08133e+06	278552	3.98541e+06	
Grünspan	2082	Pipit de Godlewski	2	Cougar	579921	862227	3.09968e+06	
Indigo	2143	Araqua-pintado	0	Leopard	374638	283694	1.81539e+06	
rouge	2113	Tüpfelsumpfhuhn	4	Cougar	1.06594e+06	488742	4.45699e+06	
blutrot	2123	Silbón Europeo	4	Jaguar	1.977e+06	921183	1.10906e+06	
pechschwarz	2087	Macreuse à bec jaune	1	Lion	1.76714e+06	454782	1.42029e+07	
marrón	2144	Malvasía Cabeciblanca	2		142739	86820.3	3.73028e+06	
jaune	2118	Araqua-pintado	2	Cheetah	2.1023e+06	534292	3.65303e+06	
schneeweiß	2076	Ánsar Piquicorto	1	Jaguar	1.46986e+06	300629	1.01817e+07	
暗紅色/暗赤色	2059	Araqua-pintado	4	Amur Leopard	322170	998853	7.62636e+06	
濡れ羽色	2021	Macreuse à bec jaune	1	Mountain Lion	4.18841e+06	552689	2.14692e+06	
altrosa	2093	Лебедь	4	Asiatic Lion	3.08762e+06	513420	5.75493e+06	
céruse	2143	Silbón Europeo	4	Asiatic Lion	2.35504e+06	100860	1.12804e+06	
türkis	2069	Лебедь	4	Cheetah	452523	99103.3	173028	
zitronengelb	2070	Голубь	4	Lion	533535	252717	1.0433e+07	
jaune	2089	Silbón Europeo	4		1.53926e+06	148930	7.93787e+06	
jaune	2012	Macreuse à bec jaune	2		331840	26100.9	7.23369e+06	
jaune	2142	Pipit de Godlewski	0		1.21508e+06	142154	6.09608e+06	
café	2095	Malvasía Cabeciblanca	2	Cheetah	4.20212e+06	1.27143e+06	7.36444e+06	
pechschwarz	2092	Tüpfelsumpfhuhn	2		1.38032e+06	266529	5.10056e+06	
jaune	2131	Purpurreiher	4	Clouded Leopard	1.58454e+06	107197	3.6894e+06	
jaune	2093	Голубь	1	Leopard	446593	95950.4	9.41958e+06	
красный	2071	Araqua-pintado	3	Clouded Leopard	2.22361e+06	715914	3.14157e+06	
серый	2046	Marreca-cabocla	1	Cougar	846906	588668	907751	
blutrot	2069	Silbón Europeo	4	Asiatic Lion	877952	181764	8.78729e+06	
marrón	2133	Löffelente	2	Mountain Lion	3.61355e+06	1.19472e+06	1.86383e+06	
чёрный	2088	Malvasía Cabeciblanca	1	Asiatic Lion	785213	610693	2.14412e+06	
marrón	2145	Silbón Europeo	0	Cougar	4.03325e+06	316608	347349	
café	2106	Pipit de Godlewski	4	Amur Leopard	891302	916191	3.37482e+06	
café	2131	Araqua-pintado	1	Snow Leopard	870697	1.00501e+06	1.69256e+06	
café	2147	Tüpfelsumpfhuhn	4	Cougar	1.51051e+06	383186	9.33086e+06	
blutrot	2118	Löffelente	4		134494	1.42275e+06	816929	
blutrot	2144	Malvasía Cabeciblanca	1		3.73632e+06	980133	1.42085e+07	
blanc	2129	Malvasía Cabeciblanca	1		3.28705e+06	178375	1.76501e+06	
marrón	2117	Лебедь	2		696213	46193.5	1.09077e+07	
jaune	2110	Macuco	4		2.33957e+06	309708	4.83018e+06	
jaune	2141	Araqua-pintado	2	Asiatic Lion	706081	697982	3.14523e+06	
violeta	2129	Purpurreiher	1	Clouded Leopard	3.47849e+06	733487	4.9673e+06	
rouge	2046	Pipit de Godlewski	4	Mountain Lion	3.74179e+06	79660.3	4.41591e+06	
pechschwarz	2121	Лебедь	1	Cheetah	274400	97003.5	3.04053e+06	
violeta	2023	Marreca-cabocla	4		495893	1.29672e+06	9.48089e+06	
jaune	2036	Weißwangengans	2	Asiatic Lion	1.82119e+06	1.07275e+06	1.85236e+06	
濡れ羽色	2094	Malvasía Cabeciblanca	0	Cheetah	4.38737e+06	278085	59802.6	
púrpura	2133	Purpurreiher	4	Jaguar	2.26243e+06	275255	9.04739e+06	
rouge	2034	Орёл	4	Lion	2.59468e+06	445191	5.84634e+06	
Cerise	2094	Weißwangengans	4	Mountain Lion	2.55639e+06	618416	580981	
türkis	2072	Araqua-pintado	4	Leopard	2.66598e+06	191767	1.3448e+07	
Red-violet	2098	Malvasía Cabeciblanca	4	Jaguar	3.72356e+06	255245	3.43717e+06	
türkis	2067	Macuco	4	Jaguar	2.75441e+06	17477	1.12183e+07	
marrón	2128	Воробей	4	Leopard	168417	1.4728e+06	6.22202e+06	
blutrot	2057	Голубь	1	Cougar	711970	208178	838963	
púrpura	2051	Purpurreiher	0		2.41845e+06	527648	1.05082e+07	
jaune	2030	Macreuse à bec jaune	4	Lion	309252	760958	3.68214e+06	
коричневый	2019	Tüpfelsumpfhuhn	4	Jaguar	652776	921743	1.14956e+07	
ébène	2109	Лебедь	4		1.35988e+06	282130	9.97557e+06	
púrpura	2123	Weißwangengans	4	Leopard	1.13382e+06	114538	5.67155e+06	
schneeweiß	2112	Голубь	1		2.39987e+06	139603	698290	
серый	2103	Macreuse à bec jaune	4	Cheetah	1.01056e+06	663624	639616	
dorado	2072	Голубь	2	Cheetah	1.18434e+06	303108	7.54353e+06	
marrón	2099	Tüpfelsumpfhuhn	3	Cheetah	554330	502180	7.42682e+06	
blutrot	2149	Tüpfelsumpfhuhn	1	Cheetah	3.20915e+06	441925	1.44089e+06	
Cerise	2130	Pipit de Godlewski	1	Clouded Leopard	1.20515e+06	291212	977808	
türkis	2117	Silbón Europeo	2		3.51438e+06	1.01038e+06	3.97791e+06	
ébène	2064	Araqua-pintado	2		1.01977e+06	62023.6	1.26253e+06	
blutrot	2115	Macuco	1	Jaguar	234387	325968	6.46341e+06	
pechschwarz	2069	Araqua-pintado	4	Asiatic Lion	489194	1.37203e+06	4.93716e+06	
jaune	2061	Purpurreiher	1	Lion	3.0084e+06	50557.3	1.07485e+07	
zitronengelb	2020	Araqua-pintado	4		3.96069e+06	97402.5	6.63405e+06	
schneeweiß	2144	Purpurreiher	4	Cheetah	2.63205e+06	489797	1.16478e+07	
schneeweiß	2139	Araqua-pintado	4		285443	132932	2.4407e+06	
pechschwarz	2082	Weißwangengans	4	Asiatic Lion	202273	205837	7.18419e+06	
schneeweiß	2070	Araqua-pintado	2	Leopard	718276	896069	5.54559e+06	
púrpura	2060	Puffin des Baléares	1	Snow Leopard	456503	158247	3.78905e+06	
rouge	2096	Weißwangengans	4	Mountain Lion	1.63008e+06	133438	1.206e+06	
marrón	2022	Pipit de Godlewski	1	Cheetah	815545	313221	8.18882e+06	
türkis	2066	Weißwangengans	4		1.40867e+06	825352	7.76381e+06	
noir	2109	Pipit de Godlewski	2	Leopard	2.23325e+06	230822	7.06768e+06	
黄枯茶	2145	Pipit de Godlewski	4		280153	79993	2.67804e+06	
白湯	2146	Tüpfelsumpfhuhn	4	Asiatic Lion	201168	641879	7.93799e+06	
ébène	2148	Malvasía Cabeciblanca	0		650556	890801	5.45866e+06	
blutrot	2146	Weißwangengans	2		892784	94578.5	5.03652e+06	
café	2146	Porrón Islándico	1		1.09178e+06	124887	1.05663e+06	
schneeweiß	2098	Marreca-cabocla	2		1.73371e+06	1.12973e+06	3.50581e+06	
rouge	2075	Purpurreiher	4		3.14896e+06	290693	100804	
dorado	2090	Purpurreiher	2	Jaguar	1.1942e+06	790168	7.80515e+06	
schneeweiß	2139	Macreuse à bec jaune	2	Leopard	4.10352e+06	822151	1.06351e+07	
noir	2123	Silbón Europeo	1		291231	190248	5.82073e+06	
pechschwarz	2073	Pipit de Godlewski	2	Lion	2.42428e+06	401644	2.10952e+06	
schneeweiß	2092	Weißwangengans	1	Leopard	1.68093e+06	1.25075e+06	6.63557e+06	
türkis	2046	Löffelente	2		763885	434956	3.19326e+06	
fumée	2021	Purpurreiher	1		302881	39903.3	866564	
jaune	2089	Голубь	4		1.53368e+06	36778.4	5.40041e+06	
blutrot	2042	Malvasía Cabeciblanca	4	Cheetah	1.651e+06	188189	5.17452e+06	
marrón	2084	Silbón Europeo	2		2.46752e+06	867647	5.56134e+06	
violeta	2060	Malvasía Cabeciblanca	1		2.02782e+06	160119	2.71413e+06	
blutrot	2120	Tüpfelsumpfhuhn	1		1.3152e+06	81108	9.86475e+06	
kohlrabenschwarz	2081	Araqua-pintado	1	Mountain Lion	3.67648e+06	112090	9.13512e+06	
暗紅色/暗赤色	2146	Goéland d'Amérique	4	Asiatic Cheetah	425967	199419	1.1682e+06	
濡れ羽色	2130	Marreca-cabocla	0		2.40828e+06	129131	8.15226e+06	
violeta	2096	Tüpfelsumpfhuhn	1		1.71627e+06	293661	7.51231e+06	
чёрный	2080	Puffin des Baléares	4		1.61523e+06	140660	1.09704e+07	
café	2041	Purpurreiher	4	Lion	1.7148e+06	169860	1.05047e+06	
ébène	2132	Macreuse à bec jaune	4	Cheetah	506616	39354.9	4.51582e+06	
Cerise	2100	Воробей	2	Leopard	332650	98484.9	4.51543e+06	
marrón	2138	Macreuse à bec jaune	2	Asiatic Lion	1.03649e+06	382576	1.22881e+06	
rouge	2099	Macuco	4	Jaguar	677668	897603	1.23866e+06	
Indigo	2138	Голубь	4	Jaguar	1.22206e+06	691772	8.61201e+06	
marrón	2121	Pipit de Godlewski	4		916001	38142.2	5.99727e+06	
jaune	2116	Tüpfelsumpfhuhn	2	Leopard	2.14153e+06	83216.7	3.2081e+06	
altrosa	2103	Weißwangengans	4	Cheetah	1.04126e+06	455767	1.01369e+07	
rouge	2118	Purpurreiher	4	Asiatic Lion	2.75347e+06	87026.1	2.99612e+06	
zitronengelb	2137	Weißwangengans	4	Lion	4.60995e+06	215966	5.56779e+06	
marrón	2019	Löffelente	0		2.64159e+06	253980	8.93506e+06	
púrpura	2041	Weißwangengans	4		724933	185955	1.23161e+07	
Indigo	2145	Weißwangengans	2	Clouded Leopard	272442	684681	392320	
jaune	2054	Macreuse à bec jaune	2	Asiatic Lion	728610	395753	7.25079e+06	
Red-violet	2117	Marreca-cabocla	1	Cougar	473758	738630	7.02081e+06	
kohlrabenschwarz	2127	Pipit de Godlewski	1	Cougar	1.04738e+06	931789	1.91005e+06	
Grünspan	2137	Голубь	4		674349	162221	2.00162e+06	
dorado	2103	Ánsar Piquicorto	4		3.01886e+06	1.02256e+06	2.5673e+06	
violeta	2117	Purpurreiher	3	Cheetah	789639	798869	492129	
türkis	2110	Голубь	3		2.27568e+06	153594	1.17786e+07	
ébène	2140	Macreuse à bec jaune	2		2.07571e+06	133854	7.234e+06	
púrpura	2104	Purpurreiher	2	Clouded Leopard	1.96242e+06	362809	2.18964e+06	
красный	2121	Silbón Europeo	1	Amur Leopard	1.03504e+06	307558	8.66323e+06	
jaune	2124	Орёл	4	Leopard	1.98419e+06	669627	1.0174e+06	
violeta	2081	Ánsar Piquicorto	4	Asiatic Lion	2.10776e+06	656592	1.33879e+06	
pechschwarz	2135	Araqua-pintado	4	Asiatic Cheetah	1.58727e+06	809870	5.66839e+06	
Cerise	2137	Silbón Europeo	1	Cheetah	721772	544078	5.46108e+06	
жёлтый	2097	Weißwangengans	4	Asiatic Lion	2.33631e+06	112996	147910	
blutrot	2108	Porrón Islándico	4	Amur Leopard	2.88787e+06	907613	92292.7	
jaune	2121	Pipit de Godlewski	4	Leopard	1.39479e+06	77358.6	2.3698e+06	
Grünspan	2122	Silbón Europeo	2		4.22742e+06	924821	3.43297e+06	
濡れ羽色	2099	Weißwangengans	0		3.2233e+06	555486	3.70621e+06	
zitronengelb	2027	Weißwangengans	0		2.47463e+06	890300	5.79239e+06	
türkis	2071	Löffelente	4		2.42295e+06	244282	5.92464e+06	
jaune	2129	Pipit de Godlewski	2		976384	92024.5	3.44757e+06	
kohlrabenschwarz	2093	Tüpfelsumpfhuhn	1	Cheetah	660801	996827	3.64808e+06	
ébène	2120	Macreuse à bec jaune	4		2.85104e+06	1.43331e+06	7.12459e+06	
schneeweiß	2048	Pipit de Godlewski	0	Jaguar	1.88821e+06	531480	2.90322e+06	
暗紅色/暗赤色	2135	Araqua-pintado	1	Asiatic Lion	2.4305e+06	413905	7.73818e+06	
Red-violet	2087	Purpurreiher	4	Amur Leopard	2.22075e+06	1.18524e+06	1.36129e+06	
violeta	2148	Pipit de Godlewski	1		1.75837e+06	207250	2.04507e+06	
schneeweiß	2140	Purpurreiher	2	Snow Leopard	1.55829e+06	77658.6	1.14436e+06	
violeta	2122	Weißwangengans	2	Mountain Lion	1.19128e+06	209643	72847.3	
schneeweiß	2054	Weißwangengans	4		940870	75288.7	677247	
zitronengelb	2141	Marreca-cabocla	4		1.39289e+06	564646	3.7128e+06	
marrón	2126	Purpurreiher	4	Lion	4.24591e+06	476126	5.40974e+06	
schneeweiß	2126	Лебедь	1	Cheetah	1.12576e+06	411983	1.17902e+07	
türkis	2112	Silbón Europeo	2		1.76713e+06	61050.8	1.6441e+06	
暗紅色/暗赤色	2089	Tüpfelsumpfhuhn	4	Clouded Leopard	1.15483e+06	544405	5.21446e+06	
紅梅色	2080	Воробей	3		229068	715116	1.00871e+07	
blanc	2086	Орёл	1	Cougar	438750	148009	4.19237e+06	
jaune	2125	Pica-pau-de-penacho	4	Leopard	2.00961e+06	532608	1.04689e+07	
fumée	2112	Tüpfelsumpfhuhn	2		1.19675e+06	334219	238709	
fumée	2145	Tüpfelsumpfhuhn	4	Lion	2.84491e+06	263558	7.43666e+06	
violeta	2065	Weißwangengans	1	Clouded Leopard	1.31105e+06	583371	8.41075e+06	
fumée	2077	Marreca-cabocla	4	Leopard	1.42309e+06	432170	2.71761e+06	
Grünspan	2045	Löffelente	1		1.2421e+06	425073	6.51403e+06	
kohlrabenschwarz	2072	Purpurreiher	2		600357	428595	5.92818e+06	
красный	2112	Ánsar Piquicorto	2	Jaguar	1.86307e+06	97250	8.08577e+06	
café	2019	Marreca-cabocla	1		1.07967e+06	66421.2	2.40904e+06	
blutrot	2134	Araqua-pintado	4	Amur Leopard	360294	377555	4.36838e+06	
白湯	2065	Macreuse à bec jaune	4	Leopard	942010	937711	1.28081e+07	
rouge	2148	Malvasía Cabeciblanca	2	Lion	2.37297e+06	248287	1.53224e+06	
kohlrabenschwarz	2082	Puffin des Baléares	4	Clouded Leopard	2.50641e+06	204395	5.92455e+06	
Grünspan	2053	Pipit de Godlewski	4	Asiatic Lion	616417	136685	6.75594e+06	
Grünspan	2077	Silbón Europeo	0	Asiatic Cheetah	1.65139e+06	507379	912011	
marrón	2124	Purpurreiher	2		282586	453029	1.0921e+06	
чёрный	2108	Araqua-pintado	1	Leopard	1.33183e+06	493616	249572	
Indigo	2061	Pipit de Godlewski	2		3.05209e+06	417322	5.07151e+06	
墨色	2094	Macreuse à bec jaune	1		974414	609740	5.73922e+06	
красный	2011	Pipit de Godlewski	1	Clouded Leopard	1.75826e+06	248542	7.94212e+06	
púrpura	2136	Malvasía Cabeciblanca	1	Snow Leopard	2.32481e+06	821889	6.0263e+06	
jaune	2122	Macreuse à bec jaune	2	Asiatic Lion	3.15784e+06	148662	7.79675e+06	
blutrot	2123	Malvasía Cabeciblanca	0	Snow Leopard	3.64706e+06	935114	2.12316e+06	
púrpura	2071	Орёл	1	Lion	3.17901e+06	597093	1.11767e+06	
púrpura	2098	Silbón Europeo	0	Snow Leopard	799769	994172	8.10535e+06	
fumée	2103	Pipit de Godlewski	2	Cougar	855003	315934	5.59122e+06	
Cerise	2026	Macreuse à bec jaune	2		1.4851e+06	1.12127e+06	4.32222e+06	
violeta	2088	Голубь	2	Leopard	479931	506937	1.11882e+07	
púrpura	2020	Purpurreiher	4	Jaguar	65561.8	1.06516e+06	5.42378e+06	
jaune	2066	Löffelente	4	Jaguar	2.97579e+06	1.10658e+06	2.22133e+06	
красный	2124	Löffelente	1	Mountain Lion	1.34549e+06	637514	2.99845e+06	
blutrot	2048	Löffelente	4		3.52845e+06	796662	1.25856e+06	
blutrot	2051	Ánsar Piquicorto	1	Clouded Leopard	650213	1.41523e+06	4.83834e+06	
Cerise	2134	Macuco	0	Cougar	1.36549e+06	435984	1.26686e+07	
rouge	2072	Macreuse à bec jaune	0	Lion	213492	318033	7.73338e+06	
rouge	2123	Голубь	0	Jaguar	1.21803e+06	443496	1.22693e+06	
Cerise	2122	Purpurreiher	1	Leopard	701099	296153	48273.5	
Grünspan	2104	Malvasía Cabeciblanca	2		1.16611e+06	36811.2	3.89235e+06	
Grünspan	2092	Голубь	2	Lion	1.13179e+06	180246	770135	
noir	2110	Голубь	2		2.1381e+06	874742	5.40617e+06	
墨色	2051	Pipit de Godlewski	4		3.1377e+06	104705	24919.7	
красный	2057	Лебедь	2	Snow Leopard	4.24319e+06	227598	4.14439e+06	
zitronengelb	2061	Macuco	4	Jaguar	1.6622e+06	273544	318071	
暗紅色/暗赤色	2033	Pipit de Godlewski	3		1.139e+06	575383	1.13769e+07	
rouge	2074	Silbón Europeo	3	Cougar	3.26216e+06	377293	1.06641e+07	
fumée	2069	Weißwangengans	4	Leopard	1.60098e+06	640190	1.18448e+07	
rouge	2048	Goéland d'Amérique	4	Leopard	1.73676e+06	757655	1.3313e+07	
fumée	2111	Silbón Europeo	2	Lion	2.70152e+06	286118	230534	
altrosa	2065	Macuco	4		966212	140522	746372	
красный	2140	Орёл	1	Leopard	1.53008e+06	1.37262e+06	7.93004e+06	
türkis	2127	Marreca-cabocla	1	Asiatic Lion	533829	431796	3.35858e+06	
ébène	2120	Weißwangengans	4	Leopard	2.58543e+06	160355	8.95342e+06	
violeta	2081	Löffelente	4	Amur Leopard	3.17378e+06	535848	135796	
violeta	2073	Macreuse à bec jaune	2	Mountain Lion	3.39329e+06	101739	1.2305e+06	
Cerise	2073	Macuco	4	Asiatic Cheetah	282447	504195	2.9144e+06	
blutrot	2138	Weißwangengans	2	Leopard	1.18637e+06	899718	2.3974e+06	
púrpura	2044	Purpurreiher	3		1.0403e+06	620155	1.91938e+06	
Cerise	2053	Macuco	1	Asiatic Cheetah	747411	397415	1.01443e+07	
marrón	2116	Pipit de Godlewski	1	Lion	719744	41972.7	7.47845e+06	
café	2053	Macreuse à bec jaune	4	Leopard	2.60576e+06	27204.6	6.44476e+06	
Cerise	2034	Воробей	4		951434	541338	8.59478e+06	
céruse	2135	Weißwangengans	1		3.25535e+06	266802	3.97814e+06	
café	2098	Pipit de Godlewski	4		1.2067e+06	269562	2.64057e+06	
zitronengelb	2145	Araqua-pintado	4	Asiatic Cheetah	502101	988112	1.18797e+07	
jaune	2127	Silbón Europeo	4	Leopard	451274	54569.5	5.54484e+06	
café	2149	Puffin des Baléares	4		1.41529e+06	1.04391e+06	761820	
ébène	2094	Purpurreiher	1	Cougar	129267	771941	7.43665e+06	
blutrot	2134	Löffelente	4	Lion	1.85877e+06	777747	7.21682e+06	
Red-violet	2141	Tüpfelsumpfhuhn	4	Lion	2.11445e+06	363682	1.03274e+07	
schneeweiß	2120	Tüpfelsumpfhuhn	0		114789	927013	4.04035e+06	
türkis	2131	Araqua-pintado	4	Asiatic Lion	709411	999516	1.40382e+06	
altrosa	2085	Löffelente	4	Cheetah	2.09958e+06	83763.1	6.88408e+06	
Cerise	2051	Tüpfelsumpfhuhn	4	Asiatic Lion	361405	1.21815e+06	4.8644e+06	
rouge	2099	Голубь	2	Leopard	619007	460523	6.47611e+06	
púrpura	2126	Malvasía Cabeciblanca	3	Clouded Leopard	2.53218e+06	505329	1.36979e+06	
café	2138	Malvasía Cabeciblanca	2		1.02191e+06	574863	3.62505e+06	
violeta	2144	Pipit de Godlewski	1		1.05925e+06	30855.6	9.41887e+06	
Red-violet	2121	Pipit de Godlewski	2		380566	1.12303e+06	8.73875e+06	
白湯	2031	Pipit de Godlewski	0	Leopard	332505	651631	8.39287e+06	
Grünspan	2103	Araqua-pintado	1	Asiatic Lion	2.84475e+06	886347	6.34269e+06	
púrpura	2116	Araqua-pintado	4	Cougar	87062.9	360823	511577	
schneeweiß	2119	Macreuse à bec jaune	1		2.57063e+06	224971	4.02365e+06	
púrpura	2026	Pipit de Godlewski	4	Snow Leopard	1.31276e+06	372424	2.81468e+06	
jaune	2139	Araqua-pintado	2	Mountain Lion	3.13506e+06	479155	3.33142e+06	
коричневый	2147	Weißwangengans	2		643839	105200	102208	
dorado	2044	Malvasía Cabeciblanca	1	Leopard	869897	621918	4.47573e+06	
blanc	2038	Голубь	0	Lion	3.22794e+06	627921	326653	
暗紅色/暗赤色	2135	Tüpfelsumpfhuhn	4	Cougar	1.76854e+06	454878	7.23826e+06	
серый	2144	Pipit de Godlewski	4	Cougar	599151	582021	1.022e+06	
púrpura	2108	Purpurreiher	2	Cougar	3.33645e+06	171017	4.94552e+06	
Orange-red	2109	Silbón Europeo	0	Asiatic Cheetah	3.51817e+06	1.19355e+06	4.07555e+06	
blutrot	2043	Weißwangengans	4	Amur Leopard	2.81645e+06	738603	4.31026e+06	
Grünspan	2136	Воробей	1		738674	115982	4.61035e+06	
Grünspan	2071	Pipit de Godlewski	3		2.1815e+06	163190	5.97333e+06	
blutrot	2049	Araqua-pintado	4	Cheetah	26795.8	248619	4.80033e+06	
púrpura	2081	Marreca-cabocla	1	Amur Leopard	3.21423e+06	565000	4.58339e+06	
rouge	2037	Marreca-cabocla	0		467872	150553	1.07608e+07	
fumée	2149	Pipit de Godlewski	2	Clouded Leopard	1.48662e+06	128802	8.56353e+06	
blutrot	2027	Орёл	2	Snow Leopard	1.81648e+06	288121	6.78775e+06	
schneeweiß	2058	Tüpfelsumpfhuhn	2		3.89797e+06	152813	741885	
Cerise	2058	Silbón Europeo	1	Jaguar	3.29421e+06	718804	1.20733e+06	
黄枯茶	2121	Silbón Europeo	1		950734	394696	3.64013e+06	
красный	2103	Macreuse à bec jaune	4		2.22598e+06	24008	1.38041e+06	
marrón	2129	Pipit de Godlewski	2		2.52977e+06	63190.3	1.02617e+07	
красный	2133	Marreca-cabocla	0	Asiatic Cheetah	19319.2	535149	2.06293e+06	
красный	2134	Purpurreiher	4	Mountain Lion	2.2177e+06	307489	5.86037e+06	
rouge	2055	Purpurreiher	4	Asiatic Lion	4.57498e+06	94704.4	171684	
Grünspan	2078	Weißwangengans	2	Jaguar	294714	454570	1.8076e+06	
Cerise	2110	Pipit de Godlewski	1		2.94718e+06	1.00928e+06	8.24427e+06	
altrosa	2075	Ánsar Piquicorto	2	Leopard	2.40275e+06	299437	4.27974e+06	
ébène	2149	Malvasía Cabeciblanca	2		2.52755e+06	217690	7.17945e+06	
café	2098	Araqua-pintado	3		568020	615540	1.13233e+07	
fumée	2113	Araqua-pintado	0		1.93054e+06	1.20704e+06	6.5037e+06	
schneeweiß	2116	Weißwangengans	1		1.20784e+06	154965	1.41384e+06	
rouge	2106	Araqua-pintado	2		429545	102718	9.26359e+06	
fumée	2060	Голубь	2	Clouded Leopard	2.18902e+06	398527	1.35672e+07	
Grünspan	2119	Голубь	4	Leopard	3.45236e+06	435616	1.09168e+07	
濡れ羽色	2055	Орёл	0	Lion	2.63145e+06	274573	6.34845e+06	
schneeweiß	2082	Pipit de Godlewski	1	Clouded Leopard	2.0155e+06	85529.8	6.79346e+06	
紅梅色	2126	Macuco	1	Jaguar	2.02824e+06	742567	3.11888e+06	
blutrot	2088	Голубь	1		335776	275263	3.95553e+06	
zitronengelb	2127	Araqua-pintado	4	Jaguar	238473	92732	3.35098e+06	
café	2133	Macuco	4		2.03982e+06	653564	1.69824e+06	
blutrot	2117	Голубь	1	Cheetah	3.26846e+06	392848	8.11391e+06	
красный	2117	Воробей	4	Leopard	1.38994e+06	418747	3.65908e+06	
marrón	2130	Araqua-pintado	3	Leopard	1.72906e+06	40983.8	1.01032e+07	
pechschwarz	2090	Лебедь	2	Asiatic Lion	2.35603e+06	710821	2.29676e+06	
noir	2145	Tüpfelsumpfhuhn	2	Lion	1.8924e+06	175019	3.41447e+06	
rouge	2038	Pipit de Godlewski	1	Asiatic Lion	2.39468e+06	473681	806462	
Cerise	2067	Tüpfelsumpfhuhn	2	Cheetah	1.93308e+06	674086	593640	
墨色	2045	Pica-pau-de-penacho	4	Asiatic Lion	3.85347e+06	78687.2	1.72321e+06	
rouge	2134	Silbón Europeo	3	Jaguar	501349	988859	447338	
violeta	2127	Purpurreiher	0		1.02411e+06	669903	4.70366e+06	
Cerise	2114	Löffelente	1	Lion	3.44105e+06	279473	9.36097e+06	
暗紅色/暗赤色	2061	Macreuse à bec jaune	1	Mountain Lion	2.20366e+06	689146	2.51666e+06	
暗紅色/暗赤色	2045	Pipit de Godlewski	4	Cheetah	4.28514e+06	1.08074e+06	6.82337e+06	
Grünspan	2091	Silbón Europeo	4	Mountain Lion	1.47418e+06	699227	6.15776e+06	
türkis	2131	Puffin des Baléares	1	Snow Leopard	3.51809e+06	78596	3.8311e+06	
ébène	2145	Tüpfelsumpfhuhn	4		1.90775e+06	566369	407776	
violeta	2068	Purpurreiher	4	Amur Leopard	276160	1.14587e+06	4.11698e+06	
Cerise	2134	Purpurreiher	3	Jaguar	1.52738e+06	386249	1.03065e+07	
blutrot	2053	Лебедь	2		3.85756e+06	36309.7	8.57921e+06	
pechschwarz	2067	Purpurreiher	1		1.3093e+06	19661.4	3.02934e+06	
türkis	2110	Silbón Europeo	2		3.60672e+06	275972	2.22291e+06	
púrpura	2125	Голубь	2	Jaguar	538552	355813	9.33075e+06	
zitronengelb	2070	Tüpfelsumpfhuhn	1	Jaguar	1.92918e+06	468528	150015	
marrón	2034	Weißwangengans	1	Jaguar	2.78271e+06	832143	9.31673e+06	
pechschwarz	2080	Silbón Europeo	1		2.08603e+06	78666	5.24258e+06	
schneeweiß	2131	Голубь	4		2.30213e+06	804825	1.49491e+06	
красный	2087	Purpurreiher	0	Mountain Lion	2.19797e+06	687345	8.57659e+06	
kohlrabenschwarz	2116	Голубь	2	Lion	2.87186e+06	470956	2.54005e+06	
pechschwarz	2090	Голубь	1	Mountain Lion	1.92843e+06	273127	2.77528e+06	
marrón	2103	Tüpfelsumpfhuhn	4	Clouded Leopard	4.27129e+06	1.34408e+06	2.66658e+06	
暗紅色/暗赤色	2095	Weißwangengans	4	Cheetah	708499	960857	1.00148e+07	
dorado	2121	Purpurreiher	2		126384	306118	4.29161e+06	
schneeweiß	2036	Marreca-cabocla	0	Jaguar	2.68523e+06	557551	8.05781e+06	
Grünspan	2093	Weißwangengans	2	Leopard	3.63877e+06	145376	1.97783e+06	
濡れ羽色	2094	Purpurreiher	1	Asiatic Lion	2.72777e+06	19454.7	8.78324e+06	
marrón	2120	Silbón Europeo	1	Clouded Leopard	759333	619186	9.00271e+06	
rouge	2081	Purpurreiher	4	Cheetah	920246	93815.2	1.61545e+06	
jaune	2107	Pipit de Godlewski	4		1.41624e+06	649080	6.69895e+06	
blutrot	2136	Löffelente	4	Clouded Leopard	387497	785392	2.09709e+06	
marrón	2083	Malvasía Cabeciblanca	2		2.03942e+06	562091	3.10792e+06	
ébène	2098	Macuco	1		80762.2	249275	147664	
kohlrabenschwarz	2125	Macreuse à bec jaune	0		1.00991e+06	195806	1.09735e+06	
schneeweiß	2070	Weißwangengans	4	Clouded Leopard	1.00549e+06	269950	9.09549e+06	
fumée	2124	Araqua-pintado	0		2.59654e+06	85117.6	2.60015e+06	
altrosa	2082	Löffelente	4	Cougar	1.55789e+06	675164	470538	
café	2100	Tüpfelsumpfhuhn	4		1.89084e+06	28948.7	4.68112e+06	
blanc	2072	Macreuse à bec jaune	4		81732.7	230617	7.70823e+06	
blutrot	2135	Голубь	2	Leopard	696494	117552	1.96174e+06	
濡れ羽色	2142	Löffelente	1	Cougar	3.197e+06	473257	6.70067e+06	
jaune	2093	Purpurreiher	4		1.06111e+06	1.38373e+06	9.62713e+06	
zitronengelb	2111	Голубь	4	Asiatic Lion	934664	1.0997e+06	1.11277e+06	
blanc	2112	Marreca-cabocla	4		853361	636878	2.93151e+06	
Grünspan	2104	Tüpfelsumpfhuhn	1	Amur Leopard	310939	637949	1.23272e+07	
blanc	2099	Malvasía Cabeciblanca	2	Asiatic Lion	1.43273e+06	1.27829e+06	5.69574e+06	
fumée	2117	Marreca-cabocla	3	Jaguar	259360	1.30382e+06	2.30541e+06	
noir	2124	Macreuse à bec jaune	0		1.93431e+06	208768	7.91112e+06	
jaune	2073	Weißwangengans	2		770846	1.02819e+06	1.31152e+07	
Indigo	2125	Tüpfelsumpfhuhn	1	Asiatic Lion	1.52315e+06	441666	28285.9	
altrosa	2067	Голубь	4		987928	493935	6.39021e+06	
Cerise	2066	Macreuse à bec jaune	4	Asiatic Cheetah	1.69138e+06	140679	2.72379e+06	
zitronengelb	2067	Weißwangengans	0	Jaguar	2.27018e+06	746623	2.40342e+06	
schneeweiß	2107	Pipit de Godlewski	2	Asiatic Lion	2.81953e+06	599086	3.79533e+06	
Red-violet	2114	Weißwangengans	1	Lion	2.45396e+06	108523	1.10747e+07	
rouge	2104	Purpurreiher	2		1.80046e+06	447617	4.25341e+06	
濡れ羽色	2072	Purpurreiher	4	Lion	410611	67150.3	4.23933e+06	
schneeweiß	2028	Macreuse à bec jaune	3		1.84992e+06	1.01584e+06	522957	
Grünspan	2099	Ánsar Piquicorto	4	Asiatic Lion	1.48771e+06	874164	7.53237e+06	
púrpura	2125	Pipit de Godlewski	4	Asiatic Lion	135147	101497	7.1015e+06	
ébène	2105	Macreuse à bec jaune	4	Cheetah	993558	387018	543412	
altrosa	2054	Pipit de Godlewski	2		331828	32454.8	4.03711e+06	
濡れ羽色	2077	Malvasía Cabeciblanca	4	Lion	1.53221e+06	330703	1.60666e+06	
jaune	2125	Silbón Europeo	1	Clouded Leopard	165509	822202	1.30492e+07	
schneeweiß	2097	Голубь	1		293740	586294	21668.4	
altrosa	2049	Голубь	0	Clouded Leopard	1.91472e+06	227320	1.24682e+07	
白湯	2123	Malvasía Cabeciblanca	0		464501	713268	1.35729e+06	
красный	2040	Araqua-pintado	4	Snow Leopard	1.66088e+06	522468	572906	
kohlrabenschwarz	2091	Puffin des Baléares	4		4.02939e+06	226073	744409	
violeta	2130	Weißwangengans	1		833881	123302	3.33589e+06	
marrón	2119	Pipit de Godlewski	1	Cougar	2.29169e+06	32841.6	1.39992e+06	
rouge	2120	Porrón Islándico	4	Lion	2.8203e+06	1.08583e+06	2.64304e+06	
türkis	2146	Porrón Islándico	4	Amur Leopard	4.04118e+06	424853	2.02098e+06	
fumée	2149	Macreuse à bec jaune	4		1.1587e+06	954556	177532	
altrosa	2147	Araqua-pintado	4		4.04581e+06	310219	9.4467e+06	
fumée	2145	Purpurreiher	0	Jaguar	3.33177e+06	379598	1.41294e+06	
blutrot	2109	Puffin des Baléares	4	Leopard	373158	68681.6	7.39164e+06	
jaune	2073	Weißwangengans	4	Snow Leopard	2.29203e+06	869103	3.06555e+06	
rouge	2135	Tüpfelsumpfhuhn	2	Asiatic Lion	1.55533e+06	389860	3.96882e+06	
blutrot	2143	Purpurreiher	4	Cougar	784250	849607	2.76779e+06	
ébène	2025	Araqua-pintado	2	Asiatic Cheetah	1.15298e+06	138165	6.96744e+06	
café	2036	Araqua-pintado	1		2.64023e+06	72389.8	3.72897e+06	
jaune	2076	Weißwangengans	2	Leopard	1.74703e+06	321055	3.52258e+06	
серый	2009	Голубь	4		1.45258e+06	140112	2.64371e+06	
schneeweiß	2061	Лебедь	4		1.35652e+06	656909	3.60299e+06	
Grünspan	2113	Weißwangengans	0	Mountain Lion	99336.5	168116	2.00283e+06	
rouge	2143	Purpurreiher	1		518781	890556	4.5999e+06	
pechschwarz	2095	Лебедь	2	Asiatic Cheetah	3.2592e+06	499691	583441	
jaune	2120	Pipit de Godlewski	2		298320	158717	8.03422e+06	
schneeweiß	2077	Pipit de Godlewski	0	Amur Leopard	1.83606e+06	395074	293004	
