c-1,c-2,c-3,c-4,c-5,c-6,c-7,c-8
"rouge","2063","Pipit de Godlewski","0","Asiatic Lion","3.2369e+06","833790","2.62312e+06",
"kohlrabenschwarz","2145","Weißwangengans","1","","1.0549e+06","363426","5.65903e+06",
"café","2110","Macuco","4","Asiatic Cheetah","237308","382223","2.51747e+06",
"jaune","2061","Purpurreiher","4","Amur Leopard","3.01088e+06","463135","2.83051e+06",
"pechschwarz","2132","Purpurreiher","2","","2.39921e+06","758890","8.27505e+06",
"коричневый","2084","Ánsar Piquicorto","4","","1.00573e+06","745403","146851",
"púrpura","2067","Weißwangengans","4","Leopard","3.16592e+06","246228","4.07688e+06",
"jaune","2113","Macreuse à bec jaune","4","Leopard","1.0942e+06","164828","2.34278e+06",
"púrpura","2040","Голубь","1","Leopard","305094","265362","1.61055e+06",
"jaune","2083","Орёл","1","Cheetah","2.97526e+06","975219","8.09946e+06",
"Grünspan","2023","Macuco","2","","451340","352098","1.8851e+06",
"Grünspan","2074","Weißwangengans","2","Jaguar","2.94185e+06","1.19111e+06","8.66142e+06",
"pechschwarz","2138","Malvasía Cabeciblanca","0","Clouded Leopard","1.95447e+06","115002","9.83451e+06",
"púrpura","2121","Macuco","1","Cheetah","605438","253097","7.20105e+06",
"ébène","2138","Weißwangengans","0","","855079","1.02971e+06","2.09837e+06",
"jaune","2050","Marreca-cabocla","4","Leopard","2.61587e+06","373750","7.4576e+06",
"kohlrabenschwarz","2086","Macreuse à bec jaune","2","","2.736e+06","170237","4.61418e+06",
"marrón","2123","Ánsar Piquicorto","1","Mountain Lion","748444","122280","2.8701e+06",
"rouge","2133","Macreuse à bec jaune","0","","4.0595e+06","1.08828e+06","1.99674e+06",
"暗紅色/暗赤色","2147","Marreca-cabocla","1","Asiatic Lion","414031","578937","1.28334e+07",
"púrpura","2113","Macreuse à bec jaune","2","Amur Leopard","2.52519e+06","65052.6","2.1099e+06",
"türkis","2101","Pica-pau-de-penacho","1","Mountain Lion","2.5245e+06","1.33584e+06","4.0069e+06",
"濡れ羽色","2083","Tüpfelsumpfhuhn","4","Amur Leopard","429307","135519","1.18234e+06",
"schneeweiß","2113","Malvasía Cabeciblanca","1","Leopard","672587","77189.2","2.1119e+06",
"blutrot","2123","Purpurreiher","2","Amur Leopard","266092","1.1212e+06","5.95021e+06",
"dorado","2127","Pipit de Godlewski","1","","2.52205e+06","974388","2.69495e+06",
"schneeweiß","2045","Орёл","1","Snow Leopard","1.01189e+06","14187.1","6.99121e+06",
"blutrot","2140","Голубь","3","Lion","111253","559013","1.16485e+07",
"türkis","2076","Голубь","1","Cheetah","2.76893e+06","852131","1.41662e+07",
"Orange-red","2139","Silbón Europeo","1","","1.83427e+06","459388","459646",
"黄枯茶","2016","Pipit de Godlewski","1","","256295","579071","1.96247e+06",
"dorado","2106","Araqua-pintado","4","Asiatic Lion","2.11323e+06","1.46932e+06","1.17809e+07",
"коричневый","2126","Araqua-pintado","4","Mountain Lion","3.7374e+06","523124","4.38948e+06",
"kohlrabenschwarz","2029","Malvasía Cabeciblanca","4","Amur Leopard","1.5095e+06","582413","1.70361e+06",
"schneeweiß","2050","Löffelente","4","Snow Leopard","913821","797406","5.55435e+06",
"zitronengelb","2110","Macreuse à bec jaune","1","","1.40019e+06","17011.1","2.70667e+06",
"rouge","2132","Macuco","4","","982337","213181","9.44651e+06",
"dorado","2120","Araqua-pintado","1","Jaguar","2.22638e+06","306275","1.83445e+06",
"púrpura","2073","Голубь","1","Jaguar","823752","140070","4.28466e+06",
"Red-violet","2120","Голубь","2","","1.29507e+06","1.11087e+06","5.12509e+06",
"黄枯茶","2127","Purpurreiher","4","Cougar","389361","219606","351298",
"pechschwarz","2071","Лебедь","2","","387536","36530.3","8.36196e+06",
"café","2069","Macreuse à bec jaune","4","","165145","617238","2.18316e+06",
"schneeweiß","2092","Воробей","1","Lion","413523","396060","6.9188e+06",
"rouge","2050","Löffelente","4","","1.18776e+06","573778","4.36945e+06",
"jaune","2070","Tüpfelsumpfhuhn","4","Clouded Leopard","833141","342024","6.69618e+06",
"jaune","2137","Лебедь","2","","981964","672372","1.51412e+06",
"púrpura","2064","Malvasía Cabeciblanca","2","","2.66564e+06","353303","3.1231e+06",
"красный","2134","Macuco","1","","2.01088e+06","208044","7.26869e+06",
"blanc","2113","Голубь","4","Cougar","1.32497e+06","789089","769947",
"blanc","2084","Araqua-pintado","1","Jaguar","521736","231052","7.77762e+06",
"altrosa","2105","Malvasía Cabeciblanca","2","Lion","1.13415e+06","1.01889e+06","3.37575e+06",
"jaune","2080","Macreuse à bec jaune","2","Asiatic Lion","2.18828e+06","276665","9.10473e+06",
"Grünspan","2055","Голубь","2","","2.54338e+06","276372","3.15902e+06",
"türkis","2114","Purpurreiher","4","","1.88867e+06","735567","3.0572e+06",
"pechschwarz","2067","Macreuse à bec jaune","2","Asiatic Cheetah","2.3417e+06","338423","1.20949e+07",
"rouge","2078","Tüpfelsumpfhuhn","2","Clouded Leopard","1.12514e+06","608740","3.12224e+06",
"красный","2069","Macreuse à bec jaune","4","Lion","309944","285341","4.23567e+06",
"zitronengelb","2112","Löffelente","2","Leopard","1.28456e+06","660771","9.01584e+06",
"jaune","2076","Silbón Europeo","1","Cheetah","4.04223e+06","741327","1.65746e+06",
"jaune","2130","Weißwangengans","2","","2.48094e+06","181370","6.38883e+06",
"жёлтый","2035","Pipit de Godlewski","2","","936732","261113","2.58797e+06",
"marrón","2043","Purpurreiher","0","Leopard","1.49485e+06","275537","1.25125e+06",
"коричневый","2042","Голубь","4","Asiatic Cheetah","1.63867e+06","1.05025e+06","1.14583e+07",
"schneeweiß","2054","Löffelente","4","","486642","476778","7.46536e+06",
"rouge","2119","Орёл","4","","2.41147e+06","254099","9.10117e+06",
"café","2090","Löffelente","4","Asiatic Lion","1.98453e+06","333267","3.11234e+06",
"jaune","2111","Tüpfelsumpfhuhn","1","Cheetah","571569","143007","8.64949e+06",
"violeta","2078","Воробей","2","Clouded Leopard","3.08712e+06","1.10103e+06","8.80739e+06",
"pechschwarz","2118","Pipit de Godlewski","2","Lion","1.17011e+06","917819","3.66072e+06",
"pechschwarz","2034","Weißwangengans","2","Lion","3.54132e+06","934342","1.64007e+06",
"pechschwarz","2034","Silbón Europeo","3","","3.13073e+06","224518","3.69297e+06",
"marrón","2098","Лебедь","2","","3.63106e+06","303762","7.88689e+06",
"blutrot","2118","Marreca-cabocla","1","Cheetah","590905","566845","488690",
"rouge","2115","Голубь","1","Cheetah","2.93736e+06","1.27838e+06","4.867e+06",
"noir","2068","Löffelente","4","Jaguar","1.50555e+06","302684","1.81631e+06",
"blanc","2146","Silbón Europeo","2","Asiatic Lion","69085.5","169982","407971",
"violeta","2141","Malvasía Cabeciblanca","2","Cougar","922923","63274.7","1.13716e+06",
"Grünspan","2085","Purpurreiher","1","","2.56127e+06","254891","1.41022e+06",
"dorado","2067","Macuco","4","Asiatic Lion","1.0534e+06","511092","8.83576e+06",
"紅梅色","2133","Malvasía Cabeciblanca","4","","1.63597e+06","682115","3.67088e+06",
"marrón","2124","Puffin des Baléares","0","Clouded Leopard","4.15421e+06","413476","509904",
"pechschwarz","2093","Araqua-pintado","3","Cheetah","1.01114e+06","232522","491365",
"altrosa","2080","Macreuse à bec jaune","1","Clouded Leopard","2.24551e+06","122082","3.00085e+06",
"blutrot","2028","Araqua-pintado","2","Leopard","1.34163e+06","28837","5.20334e+06",
"türkis","2073","Marreca-cabocla","4","","976953","218749","248287",
"Red-violet","2141","Weißwangengans","2","","2.35417e+06","333608","6.65496e+06",
"café","2114","Macreuse à bec jaune","2","Leopard","1.69498e+06","357455","5.70816e+06",
"blanc","2141","Weißwangengans","1","Leopard","1.31488e+06","623665","5.88073e+06",
"dorado","2038","Орёл","4","","1.46978e+06","143421","5.15571e+06",
"красный","2045","Weißwangengans","4","Asiatic Cheetah","375648","757882","6.63866e+06",
"rouge","2094","Воробей","0","","1.85858e+06","731947","3.2135e+06",
"púrpura","2068","Purpurreiher","4","Asiatic Lion","559674","1.29232e+06","1.02101e+07",
"marrón","2133","Malvasía Cabeciblanca","4","Leopard","1.03314e+06","43526.4","1.51092e+06",
"púrpura","2119","Purpurreiher","0","Cougar","2.42135e+06","73733.8","1.1782e+07",
"rouge","2124","Purpurreiher","4","","917557","469270","346703",
"marrón","2055","Malvasía Cabeciblanca","1","","3.76335e+06","13003.6","3.73906e+06",
"schneeweiß","2110","Weißwangengans","2","","180646","358912","9.06078e+06",
"zitronengelb","2102","Pipit de Godlewski","1","Leopard","820381","272496","1.39456e+06",
"marrón","2119","Weißwangengans","4","Asiatic Lion","2.2707e+06","322417","9.28766e+06",
"blutrot","2105","Pipit de Godlewski","2","Lion","3.77091e+06","182184","8.6242e+06",
"чёрный","2091","Tüpfelsumpfhuhn","4","","1.75651e+06","257597","7.53837e+06",
"коричневый","2047","Macreuse à bec jaune","0","Asiatic Lion","2.04173e+06","308537","3.35752e+06",
"серый","2137","Malvasía Cabeciblanca","4","Cheetah","153148","608412","1.38639e+06",
"altrosa","2122","Malvasía Cabeciblanca","2","Mountain Lion","1.95849e+06","852382","789021",
"Red-violet","2020","Macreuse à bec jaune","4","","647042","108358","8.17132e+06",
"Grünspan","2140","Pipit de Godlewski","4","Cheetah","3.3571e+06","937661","1.26014e+07",
"rouge","2135","Malvasía Cabeciblanca","1","Leopard","1.5031e+06","72372","1.05053e+06",
"marrón","2094","Лебедь","4","Asiatic Lion","4.47992e+06","520339","3.35634e+06",
"Orange-red","2138","Macreuse à bec jaune","1","Jaguar","948203","80046.4","3.27332e+06",
"blutrot","2075","Голубь","1","","228933","953719","1.20148e+07",
"café","2103","Pipit de Godlewski","2","","1.48846e+06","258417","1.61878e+06",
"Orange-red","2126","Malvasía Cabeciblanca","1","","2.07779e+06","340690","6.34846e+06",
"blutrot","2099","Araqua-pintado","4","Cheetah","1.10215e+06","1.04317e+06","3.89173e+06",
"türkis","2130","Weißwangengans","4","Amur Leopard","1.35722e+06","632369","1.00605e+07",
"türkis","2149","Malvasía Cabeciblanca","4","","876041","911559","1.18231e+07",
"marrón","2126","Malvasía Cabeciblanca","4","Asiatic Lion","853960","294595","731548",
"暗紅色/暗赤色","2071","Голубь","4","Cheetah","1.75591e+06","424415","2.72756e+06",
"rouge","2042","Araqua-pintado","0","","2.1033e+06","184437","1.07257e+07",
"白湯","2067","Malvasía Cabeciblanca","0","","1.65004e+06","1.10377e+06","137021",
"blanc","2114","Araqua-pintado","2","Lion","1.21349e+06","1.26116e+06","1.23817e+07",
"schneeweiß","2082","Purpurreiher","2","Clouded Leopard","2.3149e+06","768357","331074",
"púrpura","2043","Macreuse à bec jaune","1","","1.5313e+06","62410.9","5.97155e+06",
"schneeweiß","2136","Голубь","4","Asiatic Lion","3.36988e+06","1.35322e+06","4.09676e+06",
"blutrot","2107","Macreuse à bec jaune","1","Lion","121976","473093","4.68654e+06",
"rouge","2120","Macreuse à bec jaune","1","","1.09958e+06","406488","9.16465e+06",
"schneeweiß","2141","Pipit de Godlewski","4","Mountain Lion","4.18043e+06","1.0656e+06","7.39035e+06",
"白湯","2132","Purpurreiher","1","Cougar","878660","535844","7.99308e+06",
"暗紅色/暗赤色","2104","Araqua-pintado","3","Asiatic Lion","4.16816e+06","116048","5.37561e+06",
"púrpura","2054","Tüpfelsumpfhuhn","1","","3.35322e+06","828497","7.79602e+06",
"blutrot","2011","Weißwangengans","4","Leopard","567270","132819","1.1498e+06",
"blutrot","2096","Araqua-pintado","3","Cheetah","3.52603e+06","723216","4.46087e+06",
"blutrot","2146","Puffin des Baléares","2","","1.15392e+06","586021","8.84729e+06",
"noir","2135","Голубь","1","Asiatic Lion","2.63561e+06","195027","1.24722e+06",
"Grünspan","2134","Silbón Europeo","1","Cheetah","1.57176e+06","1.05713e+06","8.22633e+06",
"rouge","2133","Weißwangengans","1","Leopard","2.75358e+06","6328.25","7.41042e+06",
"altrosa","2035","Pipit de Godlewski","4","Lion","3.05778e+06","587551","7.04479e+06",
"ébène","2084","Macreuse à bec jaune","4","","1.20747e+06","621838","353765",
"zitronengelb","2118","Silbón Europeo","1","Lion","885082","951445","1.51796e+06",
"schneeweiß","2078","Голубь","2","","266048","254217","9.26574e+06",
"schneeweiß","2121","Macuco","2","Amur Leopard","1.65203e+06","736427","961689",
"濡れ羽色","2134","Araqua-pintado","2","Jaguar","2.14146e+06","284725","1.8728e+06",
"schneeweiß","2024","Purpurreiher","4","Asiatic Lion","1.97799e+06","246365","2.57751e+06",
"blutrot","2086","Weißwangengans","2","","1.76433e+06","800810","1.07278e+07",
"pechschwarz","2067","Tüpfelsumpfhuhn","1","","2.60503e+06","5634.95","4.51579e+06",
"жёлтый","2037","Weißwangengans","4","Amur Leopard","2.77686e+06","1.08017e+06","3.4184e+06",
"púrpura","2130","Araqua-pintado","2","Leopard","809693","769635","4.39705e+06",
"dorado","2116","Malvasía Cabeciblanca","0","Jaguar","708195","618070","1.13256e+07",
"Red-violet","2134","Macreuse à bec jaune","1","Leopard","2.71963e+06","363800","6.35326e+06",
"Grünspan","2044","Лебедь","0","","359630","1.13425e+06","7.51424e+06",
"暗紅色/暗赤色","2113","Marreca-cabocla","1","Amur Leopard","1.4127e+06","325648","7.33112e+06",
"jaune","2130","Лебедь","4","","267251","937227","1.37841e+06",
"Cerise","2132","Tüpfelsumpfhuhn","4","Asiatic Lion","3.0295e+06","319750","7.07737e+06",
"altrosa","2137","Malvasía Cabeciblanca","4","Leopard","2.61886e+06","1.18065e+06","739694",
"blutrot","2105","Голубь","4","","217023","567972","1.66821e+06",
"noir","2131","Purpurreiher","4","Mountain Lion","923349","805329","5.34767e+06",
"rouge","2133","Malvasía Cabeciblanca","1","Leopard","1.66655e+06","109714","1.08612e+07",
"fumée","2123","Purpurreiher","4","","370716","276676","2.66154e+06",
"красный","2133","Malvasía Cabeciblanca","3","Asiatic Lion","4.0758e+06","299160","1.1721e+07",
"Grünspan","2127","Araqua-pintado","1","Lion","2.99403e+06","465999","8.84486e+06",
"marrón","2129","Purpurreiher","1","Amur Leopard","2.18261e+06","1.39637e+06","437148",
"púrpura","2120","Macreuse à bec jaune","1","","628892","264467","1.89199e+06",
"Grünspan","2146","Macreuse à bec jaune","4","Snow Leopard","2.57816e+06","161494","1.20246e+06",
"暗紅色/暗赤色","2089","Marreca-cabocla","1","Asiatic Cheetah","3.31958e+06","128789","1.74824e+06",
"rouge","2010","Pipit de Godlewski","4","","1.27095e+06","311154","2.86166e+06",
"altrosa","2116","Silbón Europeo","4","Leopard","3.09766e+06","298623","7.39004e+06",
"café","2101","Macreuse à bec jaune","1","Asiatic Cheetah","466100","174763","6.4634e+06",
"púrpura","2100","Macreuse à bec jaune","1","Leopard","3.32559e+06","529986","6.90769e+06",
"Orange-red","2088","Araqua-pintado","1","Lion","147961","939454","2.29784e+06",
"zitronengelb","2135","Silbón Europeo","2","Jaguar","368917","605636","3.22558e+06",
"Red-violet","2124","Macuco","2","Jaguar","1.08982e+06","88526","5.67943e+06",
"pechschwarz","2098","Орёл","2","Jaguar","3.17858e+06","21400.8","1.28755e+06",
"紅梅色","2040","Tüpfelsumpfhuhn","4","","3.73778e+06","871136","7.32972e+06",
"jaune","2137","Weißwangengans","1","Cheetah","846681","631573","2.54727e+06",
"violeta","2072","Weißwangengans","1","Cheetah","1.23349e+06","5637.9","8.74907e+06",
"Orange-red","2067","Macreuse à bec jaune","4","Asiatic Lion","1.80329e+06","337300","466888",
"серый","2129","Araqua-pintado","4","Amur Leopard","344985","724873","4.31766e+06",
"marrón","2072","Weißwangengans","4","Leopard","1.36855e+06","238806","4.27999e+06",
"濡れ羽色","2131","Araqua-pintado","1","Leopard","372935","382087","1.00737e+06",
"jaune","2143","Purpurreiher","4","","845248","183364","1.02417e+07",
"jaune","2142","Weißwangengans","1","Clouded Leopard","4.21601e+06","534206","6.5828e+06",
"жёлтый","2044","Tüpfelsumpfhuhn","0","","241035","49622.5","937553",
"schneeweiß","2142","Pipit de Godlewski","0","Leopard","478210","700944","2.55604e+06",
"türkis","2141","Tüpfelsumpfhuhn","4","","2.00224e+06","929559","6.17709e+06",
"fumée","2063","Silbón Europeo","3","Asiatic Lion","1.05481e+06","400295","524768",
"café","2134","Голубь","4","","2.93424e+06","375865","2.23857e+06",
"rouge","2111","Weißwangengans","2","Leopard","278679","856548","7.27477e+06",
"rouge","2105","Macreuse à bec jaune","2","Cheetah","1.43365e+06","678759","3.59414e+06",
"blutrot","2142","Голубь","2","","2.38891e+06","556383","1.10424e+06",
"Grünspan","2123","Macreuse à bec jaune","1","","1.60113e+06","813910","3.27512e+06",
"zitronengelb","2092","Weißwangengans","1","","1.18417e+06","95930.3","4.23314e+06",
"красный","2131","Malvasía Cabeciblanca","2","","1.82476e+06","685547","1.19421e+07",
"céruse","2122","Воробей","3","","335128","425423","4.86497e+06",
"黄枯茶","2098","Голубь","2","Leopard","3.37998e+06","1.23016e+06","1.92578e+06",
"schneeweiß","2140","Weißwangengans","2","Cheetah","1.72066e+06","293761","5.78529e+06",
"marrón","2047","Weißwangengans","4","Leopard","612341","817849","1.01354e+06",
"pechschwarz","2127","Weißwangengans","4","Asiatic Cheetah","4.07333e+06","387163","3.12252e+06",
"kohlrabenschwarz","2104","Araqua-pintado","4","Mountain Lion","213780","190366","6.39145e+06",
"красный","2112","Pipit de Godlewski","4","Leopard","2.13544e+06","190863","2.6444e+06",
"Red-violet","2096","Silbón Europeo","4","Mountain Lion","1.10499e+06","98191.4","7.90709e+06",
"jaune","2146","Macreuse à bec jaune","1","Leopard","3.271e+06","30698.5","1.04292e+07",
"blutrot","2057","Purpurreiher","3","Clouded Leopard","705154","1.00608e+06","5.23162e+06",
"Cerise","2147","Purpurreiher","1","Jaguar","1.37817e+06","594099","6.30262e+06",
"紅梅色","2038","Silbón Europeo","2","","3.52356e+06","580426","2.59158e+06",
"púrpura","2100","Puffin des Baléares","4","","3.86597e+06","143161","3.06995e+06",
"暗紅色/暗赤色","2125","Puffin des Baléares","4","","256541","228186","119809",
"Red-violet","2093","Purpurreiher","3","Jaguar","1.84763e+06","84467.7","1.13762e+06",
"kohlrabenschwarz","2095","Purpurreiher","2","","2.57769e+06","97714.3","4.64493e+06",
"zitronengelb","2148","Araqua-pintado","2","","3.25349e+06","279161","1.20776e+07",
"türkis","2090","Araqua-pintado","4","Leopard","329086","438796","9.22551e+06",
"schneeweiß","2052","Marreca-cabocla","1","Clouded Leopard","3.92769e+06","259505","5.71738e+06",
"jaune","2135","Puffin des Baléares","4","Cougar","1.44136e+06","947672","6.59931e+06",
"pechschwarz","2144","Araqua-pintado","2","Cheetah","963951","1.31791e+06","3.9401e+06",
"türkis","2055","Macreuse à bec jaune","0","","1.10253e+06","230928","9.22115e+06",
"fumée","2135","Purpurreiher","3","Asiatic Lion","2.69059e+06","318886","9.11993e+06",
"schneeweiß","2110","Голубь","4","Asiatic Lion","250925","240952","7.73824e+06",
"dorado","2127","Purpurreiher","1","Jaguar","672044","596771","3.50601e+06",
"Red-violet","2121","Silbón Europeo","4","Leopard","368316","959428","1.76814e+06",
"серый","2074","Araqua-pintado","1","","872999","148283","248375",
"blutrot","2125","Macreuse à bec jaune","2","","1.1034e+06","155065","4.51594e+06",
"marrón","2033","Purpurreiher","4","","212428","49458.8","1.11092e+06",
"pechschwarz","2103","Silbón Europeo","4","Asiatic Lion","2.16123e+06","849533","2.67158e+06",
"blutrot","2138","Tüpfelsumpfhuhn","1","Asiatic Lion","1.2767e+06","134892","3.72609e+06",
"墨色","2036","Silbón Europeo","1","","2.25635e+06","27743.2","519138",
"schneeweiß","2020","Tüpfelsumpfhuhn","0","","1.79045e+06","1.05744e+06","7.17801e+06",
"altrosa","2028","Macuco","1","Asiatic Lion","1.15266e+06","27692.7","4.59289e+06",
"濡れ羽色","2128","Purpurreiher","2","Mountain Lion","2.15908e+06","694114","1.39855e+06",
"紅梅色","2089","Орёл","1","Snow Leopard","1.20345e+06","648031","1.47381e+06",
"rouge","2149","Голубь","4","Lion","1.04093e+06","424399","5.8614e+06",
"schneeweiß","2113","Pipit de Godlewski","2","","2.31063e+06","844220","5.51132e+06",
"blutrot","2120","Лебедь","1","Asiatic Lion","1.98769e+06","801049","7.44137e+06",
"céruse","2058","Weißwangengans","4","","468568","1.37378e+06","1.27171e+06",
"Red-violet","2134","Tüpfelsumpfhuhn","4","","2.37476e+06","1.03281e+06","1.00638e+07",
"pechschwarz","2101","Purpurreiher","1","","3.07533e+06","951238","1.23591e+07",
"céruse","2071","Ánsar Piquicorto","2","Asiatic Lion","1.4342e+06","426429","1.28953e+07",
"rouge","2046","Pipit de Godlewski","1","","3.64779e+06","31940","4.56078e+06",
"fumée","2139","Weißwangengans","2","","4.18746e+06","457297","3.03482e+06",
"türkis","2031","Macreuse à bec jaune","1","Clouded Leopard","1.98382e+06","125894","6.27108e+06",
"türkis","2102","Silbón Europeo","4","Cheetah","2.16687e+06","311172","1.25681e+07",
"Red-violet","2134","Purpurreiher","4","Jaguar","1.35239e+06","369985","9.45094e+06",
"schneeweiß","2086","Löffelente","4","Snow Leopard","3.32178e+06","216303","2.40317e+06",
"Cerise","2148","Pipit de Godlewski","2","","2.71398e+06","738781","3.11887e+06",
"jaune","2044","Silbón Europeo","4","Leopard","1.07662e+06","415201","410487",
"dorado","2133","Goéland d'Amérique","1","Lion","1.04501e+06","277894","76769.2",
"красный","2136","Purpurreiher","1","Mountain Lion","1.17812e+06","199531","6.86041e+06",
"Grünspan","2092","Marreca-cabocla","4","","1.46116e+06","1.27531e+06","1.34974e+07",
"Grünspan","2080","Malvasía Cabeciblanca","1","Amur Leopard","2.01777e+06","1.00155e+06","3.3309e+06",
"pechschwarz","2095","Ánsar Piquicorto","1","Lion","3.42378e+06","236744","6.47387e+06",
"pechschwarz","2133","Tüpfelsumpfhuhn","2","Leopard","3.02753e+06","659128","3.60748e+06",
"pechschwarz","2128","Purpurreiher","2","Lion","395164","967912","3.12576e+06",
"céruse","2043","Goéland d'Amérique","2","","1.89314e+06","591333","1.12392e+07",
"schneeweiß","2095","Malvasía Cabeciblanca","4","Leopard","1.08549e+06","1.00233e+06","8.35158e+06",
"黄枯茶","2145","Воробей","0","","1.05662e+06","408859","3.14545e+06",
"café","2097","Marreca-cabocla","4","","3.75591e+06","280175","2.49272e+06",
"jaune","2113","Araqua-pintado","4","","2.79767e+06","329215","2.88757e+06",
"rouge","2099","Puffin des Baléares","3","Snow Leopard","303747","51654","747999",
"pechschwarz","2091","Araqua-pintado","1","Asiatic Lion","1.67778e+06","1.26035e+06","2.96798e+06",
"pechschwarz","2098","Голубь","4","Jaguar","2.16758e+06","680177","9.63179e+06",
"fumée","2098","Silbón Europeo","4","Asiatic Cheetah","826713","719977","1.07017e+07",
"marrón","2128","Purpurreiher","1","Asiatic Lion","82964.2","363018","5.59624e+06",
"pechschwarz","2047","Macreuse à bec jaune","4","","2.90567e+06","663174","4.63669e+06",
"blutrot","2063","Голубь","1","Lion","1.73343e+06","857270","2.33776e+06",
"Indigo","2093","Silbón Europeo","2","Asiatic Lion","910602","1.174e+06","2.1435e+06",
"café","2141","Araqua-pintado","0","","1.09623e+06","395547","5.57646e+06",
"pechschwarz","2119","Araqua-pintado","1","Clouded Leopard","1.41618e+06","689373","7.71911e+06",
"Grünspan","2138","Pipit de Godlewski","0","Clouded Leopard","1.24819e+06","7794.69","1.08701e+07",
"céruse","2082","Porrón Islándico","2","Mountain Lion","1.61377e+06","250952","9.05962e+06",
"rouge","2122","Macuco","1","Amur Leopard","950474","381390","4.13133e+06",
"púrpura","2144","Löffelente","2","Clouded Leopard","636730","241381","8.45201e+06",
"blutrot","2123","Лебедь","4","Cheetah","510230","143717","4.02955e+06",
"暗紅色/暗赤色","2091","Macreuse à bec jaune","1","","1.27837e+06","211619","2.9608e+06",
"púrpura","2138","Porrón Islándico","1","Jaguar","3.34228e+06","1.00169e+06","2.57181e+06",
"Red-violet","2103","Silbón Europeo","2","Jaguar","3.94924e+06","1.2944e+06","5.24175e+06",
"altrosa","2142","Silbón Europeo","1","Mountain Lion","2.50245e+06","961360","3.38948e+06",
"pechschwarz","2054","Purpurreiher","4","","546357","303488","1.42754e+07",
"жёлтый","2145","Silbón Europeo","4","Clouded Leopard","1.32539e+06","31903.6","1.74337e+06",
"noir","2076","Macuco","4","Leopard","863816","330213","6.50193e+06",
"Grünspan","2138","Macreuse à bec jaune","2","Mountain Lion","541967","417266","5.15004e+06",
"pechschwarz","2102","Malvasía Cabeciblanca","2","","566988","89238.4","5.62334e+06",
"jaune","2068","Silbón Europeo","1","","3.45247e+06","23074.7","6.16672e+06",
"Red-violet","2099","Воробей","1","Asiatic Lion","3.32457e+06","660465","2.74221e+06",
"blutrot","2065","Araqua-pintado","2","","1.53813e+06","855338","2.19185e+06",
"красный","2065","Macuco","2","Cougar","860932","911157","1.09976e+06",
"ébène","2122","Weißwangengans","2","Lion","622967","311553","9.60585e+06",
"blutrot","2021","Purpurreiher","1","","300288","447378","4.09949e+06",
"türkis","2071","Löffelente","1","Amur Leopard","1.34204e+06","362651","1.2782e+07",
"schneeweiß","2144","Голубь","0","Lion","2.99326e+06","9993.18","9.93743e+06",
"Grünspan","2127","Pipit de Godlewski","0","Jaguar","827417","520953","9.13231e+06",
"dorado","2132","Malvasía Cabeciblanca","1","Jaguar","2.26299e+06","347033","904216",
"rouge","2124","Silbón Europeo","2","Leopard","2.90173e+06","342027","3.80498e+06",
"pechschwarz","2096","Воробей","2","Clouded Leopard","1.07598e+06","737643","3.96155e+06",
"kohlrabenschwarz","2075","Weißwangengans","2","Jaguar","1.23619e+06","272514","5.04715e+06",
"Grünspan","2146","Malvasía Cabeciblanca","2","","1.39788e+06","885753","438260",
"zitronengelb","2024","Macuco","2","Jaguar","2.61831e+06","234688","1.34206e+06",
"jaune","2137","Malvasía Cabeciblanca","2","Cheetah","1.23008e+06","175683","2.02754e+06",
"pechschwarz","2118","Macuco","1","Asiatic Lion","900221","904197","843915",
"blanc","2104","Орёл","1","Clouded Leopard","2.38874e+06","401814","1.39602e+06",
"blutrot","2143","Macreuse à bec jaune","1","Leopard","1.80818e+06","832158","2.72727e+06",
"marrón","2085","Лебедь","4","Lion","2.06262e+06","413829","9.09414e+06",
"violeta","2082","Purpurreiher","4","Snow Leopard","1.2792e+06","184047","2.03903e+06",
"pechschwarz","2075","Голубь","2","Clouded Leopard","2.18937e+06","207459","1.16471e+07",
"Orange-red","2084","Araqua-pintado","4","Clouded Leopard","595250","118156","3.09156e+06",
"púrpura","2053","Воробей","1","Leopard","4.14078e+06","23667.3","1.95033e+06",
"púrpura","2148","Pipit de Godlewski","2","","593890","271449","7.02329e+06",
"jaune","2085","Weißwangengans","3","Clouded Leopard","1.75532e+06","375166","1.15183e+06",
"pechschwarz","2119","Malvasía Cabeciblanca","2","Mountain Lion","1.78467e+06","1.19257e+06","3.33537e+06",
"rouge","2108","Purpurreiher","4","","630654","1.21583e+06","3.67915e+06",
"jaune","2110","Malvasía Cabeciblanca","4","","1.20614e+06","655003","2.17893e+06",
"schneeweiß","2140","Weißwangengans","2","","379232","1.30975e+06","4.56903e+06",
"rouge","2136","Лебедь","0","Asiatic Cheetah","4.54443e+06","214169","632398",
"noir","2094","Macreuse à bec jaune","2","Asiatic Lion","2.90912e+06","46618.6","1.36668e+07",
"白湯","2071","Purpurreiher","1","Lion","823847","451123","4.85864e+06",
"zitronengelb","2062","Araqua-pintado","1","Leopard","2.86206e+06","169540","2.33691e+06",
"altrosa","2089","Голубь","4","Jaguar","2.16009e+06","315136","1.95812e+06",
"türkis","2079","Weißwangengans","2","Lion","588371","106888","6.95266e+06",
"púrpura","2073","Голубь","2","Mountain Lion","2.11488e+06","1.02511e+06","4.50769e+06",
"türkis","2113","Malvasía Cabeciblanca","2","","3.51478e+06","197323","2.12536e+06",
"dorado","2019","Marreca-cabocla","2","Asiatic Lion","1.69066e+06","304368","856515",
"schneeweiß","2141","Porrón Islándico","1","Cheetah","497342","182934","2.53329e+06",
"jaune","2116","Malvasía Cabeciblanca","2","Leopard","1.20764e+06","169457","4.12189e+06",
"чёрный","2098","Macreuse à bec jaune","4","","118056","595800","6.95205e+06",
"紅梅色","2143","Araqua-pintado","2","Mountain Lion","351341","118220","623270",
"marrón","2142","Macreuse à bec jaune","2","Clouded Leopard","2.35426e+06","750605","3.933e+06",
"blutrot","2077","Silbón Europeo","4","","153692","1.04187e+06","4.96174e+06",
"ébène","2081","Голубь","2","","2.54867e+06","939368","1.37432e+06",
"Grünspan","2100","Pica-pau-de-penacho","1","","2.77091e+06","667365","732740",
"púrpura","2137","Macreuse à bec jaune","4","Clouded Leopard","765950","982571","650970",
"Grünspan","2125","Purpurreiher","4","","766515","445685","7.19626e+06",
"marrón","2123","Silbón Europeo","1","","122937","87875.2","6.26233e+06",
"jaune","2106","Macuco","4","Leopard","3.50185e+06","608817","2.55884e+06",
"blutrot","2101","Puffin des Baléares","2","Lion","3.38872e+06","419416","3.35078e+06",
"schneeweiß","2088","Malvasía Cabeciblanca","2","Cougar","425505","314601","389779",
"violeta","2066","Ánsar Piquicorto","4","","1.35655e+06","722258","7.06597e+06",
"marrón","2009","Macuco","2","","1.45508e+06","676866","4.32155e+06",
"türkis","2145","Лебедь","2","Cheetah","1.71964e+06","925811","762072",
"café","2108","Лебедь","1","","3.81797e+06","424045","3.5996e+06",
"Grünspan","2142","Голубь","1","Asiatic Lion","709295","402918","4.36131e+06",
"schneeweiß","2118","Pipit de Godlewski","0","Cheetah","1.3217e+06","289589","3.91035e+06",
"Grünspan","2111","Weißwangengans","1","Jaguar","421890","361848","3.94341e+06",
"marrón","2102","Araqua-pintado","2","","366470","815817","394616",
"rouge","2116","Pipit de Godlewski","0","Clouded Leopard","1.13167e+06","124985","436905",
"altrosa","2140","Marreca-cabocla","4","Amur Leopard","2.05936e+06","524335","2.623e+06",
"Grünspan","2036","Weißwangengans","4","","2.0974e+06","176892","7.40569e+06",
"чёрный","2120","Löffelente","2","","368978","743550","1.69826e+06",
"marrón","2090","Tüpfelsumpfhuhn","4","","1.95029e+06","304486","244651",
"céruse","2025","Araqua-pintado","1","","2.69e+06","1.07733e+06","1.97224e+06",
"café","2119","Голубь","4","Clouded Leopard","894974","559813","1.12907e+07",
"púrpura","2089","Purpurreiher","2","","1.91597e+06","53272.9","3.97353e+06",
"黄枯茶","2144","Weißwangengans","4","","1.87231e+06","993071","5.94382e+06",
"kohlrabenschwarz","2135","Pipit de Godlewski","4","Jaguar","50830.5","816017","516747",
"violeta","2111","Орёл","1","","3.00366e+06","436315","9.7374e+06",
"暗紅色/暗赤色","2127","Воробей","4","Asiatic Lion","404145","470699","5.92252e+06",
"zitronengelb","2117","Weißwangengans","1","Asiatic Lion","1.01718e+06","822915","6.62805e+06",
"türkis","2140","Голубь","4","","2.67339e+06","93892.8","5.5928e+06",
"café","2140","Purpurreiher","2","Asiatic Lion","2.24198e+06","593478","3.76469e+06",
"墨色","2137","Löffelente","1","Amur Leopard","93034.6","217185","1.21445e+07",
"黄枯茶","2068","Araqua-pintado","4","Cheetah","3.10457e+06","34800.7","7.67933e+06",
"café","2111","Tüpfelsumpfhuhn","4","Leopard","3.0988e+06","57438.3","6.07309e+06",
"altrosa","2123","Ánsar Piquicorto","1","","1.88405e+06","348740","1.27769e+06",
"türkis","2059","Pica-pau-de-penacho","1","Amur Leopard","2.07666e+06","759666","1.25461e+07",
"türkis","2081","Pipit de Godlewski","1","Lion","3.32163e+06","282465","3.7504e+06",
"Red-violet","2116","Purpurreiher","2","Lion","71693.3","31590.1","1.52062e+06",
"altrosa","2077","Purpurreiher","4","Cougar","1.37419e+06","254702","6.24928e+06",
"rouge","2032","Голубь","4","Clouded Leopard","305202","489131","1.31649e+07",
"濡れ羽色","2097","Pipit de Godlewski","1","Cougar","738462","811428","1.21619e+07",
"marrón","2118","Purpurreiher","2","Leopard","790045","615578","427362",
"türkis","2079","Голубь","4","","3.73027e+06","720359","1.78001e+06",
"zitronengelb","2081","Голубь","4","Lion","1.77045e+06","280085","2.59963e+06",
"púrpura","2141","Pipit de Godlewski","4","","219102","24074.4","1.01973e+07",
"ébène","2131","Голубь","1","Leopard","387141","363568","9.69525e+06",
"zitronengelb","2093","Purpurreiher","4","","3.35919e+06","646875","1.32425e+07",
"fumée","2094","Purpurreiher","1","Lion","1.11318e+06","1.11381e+06","7.08598e+06",
"blutrot","2140","Pipit de Godlewski","4","","1.82954e+06","845365","4.50021e+06",
"púrpura","2051","Macreuse à bec jaune","4","Lion","2.14714e+06","1.13722e+06","1.24654e+06",
"blutrot","2091","Weißwangengans","0","Cheetah","3.61328e+06","86111.8","3.87346e+06",
"marrón","2133","Macreuse à bec jaune","1","Clouded Leopard","525095","1.10265e+06","6.5459e+06",
"altrosa","2072","Malvasía Cabeciblanca","2","","2.06775e+06","168692","9.7058e+06",
"rouge","2100","Macreuse à bec jaune","4","Cheetah","238829","93802.4","1.5478e+06",
"jaune","2105","Puffin des Baléares","4","","654608","325461","6.47884e+06",
"blanc","2030","Ánsar Piquicorto","4","Mountain Lion","671568","176167","3.54389e+06",
"Red-violet","2071","Purpurreiher","2","Cheetah","290638","253246","1.59308e+06",
"jaune","2108","Tüpfelsumpfhuhn","1","Lion","1.09179e+06","848595","7.14467e+06",
"白湯","2102","Araqua-pintado","1","","4.09087e+06","309444","7.47229e+06",
"濡れ羽色","2058","Weißwangengans","0","","2.24402e+06","387174","3.90413e+06",
"púrpura","2148","Лебедь","3","Cougar","582095","192915","675109",
"Grünspan","2120","Araqua-pintado","4","","2.33609e+06","1.35921e+06","2.1984e+06",
"jaune","2107","Macreuse à bec jaune","1","","2.14119e+06","827387","2.52799e+06",
"Grünspan","2131","Голубь","1","Amur Leopard","339702","661493","1.01094e+07",
"marrón","2124","Löffelente","4","","559939","837278","997490",
"ébène","2148","Орёл","2","","2.48585e+06","264428","7.00377e+06",
"Orange-red","2065","Silbón Europeo","4","","256090","219477","243762",
"Red-violet","2076","Purpurreiher","4","Leopard","2.25635e+06","723700","4.29359e+06",
"серый","2139","Malvasía Cabeciblanca","4","Leopard","1.94255e+06","958373","8.18083e+06",
"красный","2103","Pipit de Godlewski","4","","1.46434e+06","442396","1.14125e+06",
"schneeweiß","2090","Pipit de Godlewski","2","","1.22169e+06","1.17213e+06","941942",
"Grünspan","2042","Macreuse à bec jaune","3","Asiatic Lion","1.48798e+06","572653","1.0018e+07",
"Grünspan","2084","Araqua-pintado","2","Asiatic Lion","898779","462786","3.85907e+06",
"Indigo","2109","Purpurreiher","4","Asiatic Lion","160077","1.29766e+06","4.1018e+06",
"jaune","2052","Araqua-pintado","4","Asiatic Lion","1.81446e+06","1.10934e+06","1.95531e+06",
"café","2121","Purpurreiher","2","","1.64847e+06","330159","2.28816e+06",
"rouge","2057","Goéland d'Amérique","2","","1.10342e+06","809447","4.74698e+06",
"Cerise","2136","Araqua-pintado","4","Leopard","387354","1.10329e+06","7.66617e+06",
"Red-violet","2093","Лебедь","2","Cheetah","993448","131895","1.34175e+06",
"jaune","2137","Araqua-pintado","4","","1.44137e+06","443654","4.41431e+06",
"濡れ羽色","2128","Лебедь","1","Clouded Leopard","2.67289e+06","921213","9.8211e+06",
"púrpura","2149","Weißwangengans","1","Clouded Leopard","472071","1.19523e+06","6.46194e+06",
"чёрный","2090","Macreuse à bec jaune","4","","219168","613031","6.26159e+06",
"céruse","2120","Tüpfelsumpfhuhn","4","Clouded Leopard","849845","818314","1.61941e+06",
"kohlrabenschwarz","2058","Macuco","1","Lion","2.89988e+06","1.3656e+06","1.30695e+06",
"kohlrabenschwarz","2080","Silbón Europeo","4","Leopard","4.10039e+06","127331","5.91429e+06",
"rouge","2099","Araqua-pintado","2","Cougar","1.49473e+06","710153","8.60404e+06",
"blutrot","2076","Löffelente","1","","337655","218145","2.19859e+06",
"marrón","2112","Weißwangengans","1","Lion","1.62424e+06","678484","3.86084e+06",
"schneeweiß","2126","Löffelente","2","","1.15998e+06","205668","1.03702e+07",
"kohlrabenschwarz","2076","Орёл","2","Asiatic Lion","1.00667e+06","129454","4.67342e+06",
"blutrot","2140","Purpurreiher","4","Leopard","2.44265e+06","486667","1.2788e+07",
"blutrot","2109","Голубь","4","","1.1852e+06","164399","2.13028e+06",
"ébène","2064","Macuco","4","","1.50762e+06","669785","889743",
"rouge","2099","Purpurreiher","1","Asiatic Lion","1.72489e+06","517818","2.93214e+06",
"türkis","2139","Goéland d'Amérique","4","Cheetah","753550","26521.8","6.29254e+06",
"púrpura","2109","Purpurreiher","4","Asiatic Lion","189099","536555","9.69755e+06",
"濡れ羽色","2128","Pipit de Godlewski","3","","2.09146e+06","415612","8.17469e+06",
"café","2077","Macuco","2","","647539","58965.6","3.09483e+06",
"紅梅色","2117","Marreca-cabocla","2","","1.13961e+06","174582","1.07765e+07",
"Orange-red","2068","Purpurreiher","1","Clouded Leopard","3.21084e+06","585298","1.13092e+07",
"Grünspan","2094","Silbón Europeo","4","Jaguar","3.84558e+06","767800","4.16323e+06",
"marrón","2149","Tüpfelsumpfhuhn","2","","952429","122455","1.14319e+06",
"violeta","2125","Голубь","1","","2.98787e+06","62626.6","7.9308e+06",
"blutrot","2076","Macreuse à bec jaune","4","","225559","244323","8.12507e+06",
"ébène","2088","Ánsar Piquicorto","4","Mountain Lion","3.63074e+06","11049.2","8.14898e+06",
"púrpura","2120","Macuco","4","Leopard","3.10723e+06","586458","2.00242e+06",
"Indigo","2071","Macreuse à bec jaune","4","Snow Leopard","4.32764e+06","875867","8.73441e+06",
"rouge","2049","Löffelente","2","Mountain Lion","3.14482e+06","798662","154052",
"Grünspan","2119","Löffelente","4","Clouded Leopard","1.58634e+06","147987","1.49315e+07",
"zitronengelb","2139","Лебедь","4","Leopard","122377","170705","3.78045e+06",
"Grünspan","2079","Pipit de Godlewski","1","Snow Leopard","884901","191528","328952",
"pechschwarz","2074","Орёл","4","Leopard","1.7461e+06","350944","7.5046e+06",
"Grünspan","2086","Pipit de Godlewski","1","","2.57969e+06","882029","7.06271e+06",
"Orange-red","2134","Silbón Europeo","0","Lion","2.90912e+06","229395","7.82325e+06",
"коричневый","2132","Marreca-cabocla","1","","3.07087e+06","147125","1.00124e+07",
"kohlrabenschwarz","2081","Araqua-pintado","0","Leopard","581861","543889","1.21561e+07",
"серый","2102","Голубь","1","Jaguar","1.38916e+06","956256","4.47516e+06",
"rouge","2093","Malvasía Cabeciblanca","1","Mountain Lion","542061","215764","1.6182e+06",
"marrón","2110","Araqua-pintado","0","Lion","593926","550569","5.59602e+06",
"schneeweiß","2096","Pipit de Godlewski","1","Amur Leopard","732842","1.0014e+06","7.3624e+06",
"rouge","2126","Лебедь","2","Asiatic Cheetah","296447","144125","7.3867e+06",
"серый","2122","Marreca-cabocla","4","Lion","3.09807e+06","1.03784e+06","1.47606e+06",
"marrón","2094","Malvasía Cabeciblanca","2","Asiatic Cheetah","2.72375e+06","418457","5.83314e+06",
"чёрный","2144","Araqua-pintado","0","Clouded Leopard","1.8408e+06","17730","983987",
"Cerise","2147","Goéland d'Amérique","1","","1.9712e+06","413244","9.09446e+06",
"noir","2106","Araqua-pintado","4","Asiatic Lion","872493","1.27542e+06","4.59311e+06",
"blutrot","2101","Purpurreiher","0","Cougar","857891","243866","5.94487e+06",
"blutrot","2026","Macreuse à bec jaune","2","Asiatic Lion","1.63411e+06","354021","5.84212e+06",
"café","2128","Weißwangengans","1","","3.00906e+06","1.02914e+06","6.69206e+06",
"violeta","2092","Weißwangengans","4","Leopard","2.30439e+06","344799","1.19984e+07",
"türkis","2057","Macuco","4","Asiatic Lion","1.37853e+06","1.24554e+06","1.76373e+06",
"marrón","2086","Araqua-pintado","4","","1.85997e+06","47472.9","8.92512e+06",
"jaune","2144","Marreca-cabocla","1","","361251","543950","9.15298e+06",
"marrón","2076","Орёл","2","Clouded Leopard","3.23555e+06","276851","863457",
"dorado","2061","Malvasía Cabeciblanca","2","Jaguar","4.83831e+06","528465","3.63915e+06",
"墨色","2125","Weißwangengans","4","Clouded Leopard","2.81308e+06","351721","1.00421e+06",
"ébène","2140","Tüpfelsumpfhuhn","2","","3.28447e+06","666397","4.68266e+06",
"schneeweiß","2077","Weißwangengans","2","","306564","369683","7.01134e+06",
"jaune","2104","Araqua-pintado","1","Leopard","1.28078e+06","210314","6.51396e+06",
"серый","2096","Purpurreiher","4","","2.16654e+06","57505.8","5.23867e+06",
"白湯","2066","Weißwangengans","1","","404295","686718","2.14501e+06",
"красный","2104","Purpurreiher","1","","4.67059e+06","15120.4","8.46786e+06",
"rouge","2141","Ánsar Piquicorto","4","Leopard","3.12451e+06","235290","1.30377e+07",
"墨色","2147","Tüpfelsumpfhuhn","0","Cheetah","1.21724e+06","75496.9","2.85903e+06",
"schneeweiß","2043","Pipit de Godlewski","4","","554163","778527","6.38625e+06",
"café","2111","Weißwangengans","4","Jaguar","983086","67199.7","1.03302e+07",
"fumée","2070","Marreca-cabocla","4","","392954","652576","9.89304e+06",
"jaune","2133","Macreuse à bec jaune","2","Leopard","1.08643e+06","238786","572928",
"blutrot","2111","Pipit de Godlewski","1","Lion","2.19048e+06","821854","2.3628e+06",
"púrpura","2122","Лебедь","4","Jaguar","1.7003e+06","773014","4.50191e+06",
"kohlrabenschwarz","2096","Purpurreiher","4","Asiatic Lion","1.45022e+06","371532","4.93173e+06",
"púrpura","2047","Puffin des Baléares","4","","1.1496e+06","99660","288757",
"Orange-red","2089","Орёл","1","Leopard","2.23127e+06","475783","5.83459e+06",
"rouge","2083","Goéland d'Amérique","4","Clouded Leopard","1.58696e+06","170649","4.95915e+06",
"rouge","2102","Malvasía Cabeciblanca","2","Cheetah","2.49451e+06","258163","6.02002e+06",
"Grünspan","2107","Tüpfelsumpfhuhn","4","Asiatic Lion","261281","799124","150116",
"türkis","2124","Löffelente","1","Jaguar","347568","266823","455209",
"schneeweiß","2092","Голубь","2","","2.89088e+06","1.12321e+06","3.04504e+06",
"schneeweiß","2107","Macreuse à bec jaune","2","","179939","35010.1","1.16134e+07",
"café","2141","Macreuse à bec jaune","0","Lion","2.13254e+06","926319","5.18475e+06",
"blutrot","2125","Macreuse à bec jaune","1","","1.19527e+06","866836","6.33458e+06",
"marrón","2108","Puffin des Baléares","4","Asiatic Cheetah","751224","38474.8","1.61364e+06",
"türkis","2121","Macuco","4","Clouded Leopard","1.94658e+06","723771","2.91036e+06",
"jaune","2021","Löffelente","0","","2.5271e+06","739935","1.09553e+07",
"jaune","2140","Macuco","0","Asiatic Cheetah","1.21719e+06","223989","3.77331e+06",
"violeta","2104","Pipit de Godlewski","4","","413469","744576","7.47112e+06",
"fumée","2091","Purpurreiher","1","Jaguar","1.24205e+06","477745","1.00719e+07",
"濡れ羽色","2141","Tüpfelsumpfhuhn","4","","3.49701e+06","930643","1.14558e+06",
"türkis","2143","Marreca-cabocla","2","Lion","1.02522e+06","1.13517e+06","124363",
"Indigo","2120","Pipit de Godlewski","2","","1.99423e+06","979025","2.35797e+06",
"marrón","2127","Голубь","4","Amur Leopard","3.06627e+06","1.30878e+06","7.08074e+06",
"blutrot","2052","Tüpfelsumpfhuhn","4","Leopard","476305","563541","3.46554e+06",
"blutrot","2061","Macreuse à bec jaune","4","Mountain Lion","1.71185e+06","579586","1.12369e+07",
"jaune","2114","Purpurreiher","0","","562210","627724","4.04817e+06",
"紅梅色","2111","Araqua-pintado","1","Amur Leopard","2.47795e+06","1.13438e+06","2.49253e+06",
"Red-violet","2136","Weißwangengans","4","","1.24892e+06","163588","962368",
"jaune","2093","Weißwangengans","4","Jaguar","1.94313e+06","585992","218852",
"violeta","2133","Weißwangengans","3","","885874","587478","1.17184e+07",
"café","2022","Macuco","4","Asiatic Lion","2.93681e+06","317625","5.57693e+06",
"серый","2025","Marreca-cabocla","4","","2.17681e+06","649981","5.0616e+06",
"türkis","2141","Araqua-pintado","1","Asiatic Lion","130514","1.34492e+06","863221",
"黄枯茶","2149","Голубь","2","Mountain Lion","1.11111e+06","819513","631814",
"Red-violet","2148","Лебедь","1","Asiatic Lion","1.40227e+06","199002","4.00898e+06",
"濡れ羽色","2101","Pipit de Godlewski","0","","948853","508041","3.62664e+06",
"Grünspan","2147","Tüpfelsumpfhuhn","4","Cougar","3.47786e+06","770112","6.12432e+06",
"rouge","2075","Голубь","2","Cheetah","514375","662766","1.17157e+06",
"café","2147","Macuco","0","Mountain Lion","4.36476e+06","280246","9.9405e+06",
"blutrot","2022","Pipit de Godlewski","2","Lion","760660","535463","5.37867e+06",
"Red-violet","2102","Pipit de Godlewski","2","Lion","3.14555e+06","429626","9.89682e+06",
"jaune","2075","Purpurreiher","2","Cougar","1.91151e+06","129275","1.06014e+07",
"zitronengelb","2114","Purpurreiher","4","Leopard","392673","480538","334920",
"kohlrabenschwarz","2140","Воробей","2","Clouded Leopard","2.51261e+06","96210.1","3.44088e+06",
"jaune","2148","Macreuse à bec jaune","2","Lion","1.68783e+06","350546","3.41907e+06",
"fumée","2084","Голубь","2","Snow Leopard","2.90051e+06","972021","1.42462e+07",
"Grünspan","2132","Malvasía Cabeciblanca","4","Cougar","2.97272e+06","1.39458e+06","922255",
"жёлтый","2146","Macreuse à bec jaune","1","","891001","90052.2","885945",
"púrpura","2146","Purpurreiher","0","","816815","99622.5","1.09227e+07",
"pechschwarz","2130","Malvasía Cabeciblanca","2","Leopard","257196","676513","8.02807e+06",
"dorado","2129","Macreuse à bec jaune","4","Clouded Leopard","1.38368e+06","770723","9.13634e+06",
"kohlrabenschwarz","2094","Голубь","4","Lion","1.80202e+06","325022","938442",
"marrón","2061","Macreuse à bec jaune","4","Jaguar","2.43679e+06","677136","394199",
"blutrot","2007","Weißwangengans","2","Jaguar","405546","400423","9.85997e+06",
"濡れ羽色","2105","Weißwangengans","4","Leopard","432074","35281.8","347415",
"schneeweiß","2115","Macreuse à bec jaune","4","","2.61166e+06","79624.7","2.80494e+06",
"白湯","2088","Ánsar Piquicorto","2","Asiatic Lion","1.41877e+06","609705","2.39826e+06",
"чёрный","2099","Macreuse à bec jaune","1","","1.85252e+06","666804","4.75142e+06",
"kohlrabenschwarz","2094","Silbón Europeo","0","","2.39319e+06","323628","486206",
"blutrot","2103","Malvasía Cabeciblanca","4","Leopard","740487","123956","1.04916e+06",
"pechschwarz","2099","Pipit de Godlewski","2","","1.17844e+06","703724","5.1179e+06",
"чёрный","2136","Tüpfelsumpfhuhn","4","","4.39858e+06","137659","1.01385e+07",
"violeta","2055","Лебедь","1","Snow Leopard","1.50754e+06","33845.6","6.31912e+06",
"jaune","2026","Pipit de Godlewski","1","","2.01281e+06","87030.1","4.4777e+06",
"blutrot","2105","Голубь","1","","1.00508e+06","196362","9.35514e+06",
"kohlrabenschwarz","2041","Purpurreiher","1","","221578","407464","1.66304e+06",
"púrpura","2131","Голубь","0","","1.03565e+06","733109","3.49267e+06",
"fumée","2120","Purpurreiher","4","","3.87859e+06","377276","1.41439e+07",
"墨色","2088","Löffelente","4","Leopard","211375","202232","1.12255e+07",
"黄枯茶","2098","Weißwangengans","0","","1.66908e+06","489075","4.49123e+06",
"白湯","2052","Araqua-pintado","4","Asiatic Lion","1.8708e+06","60585.3","1.67182e+06",
"чёрный","2123","Araqua-pintado","4","","1.29504e+06","575871","1.48218e+07",
"fumée","2040","Löffelente","2","Lion","1.2028e+06","277742","1.09596e+07",
"jaune","2105","Голубь","1","Asiatic Lion","2.4038e+06","570689","9.70146e+06",
"marrón","2127","Porrón Islándico","1","","1.08833e+06","85540.8","233459",
"marrón","2128","Лебедь","4","Snow Leopard","804113","553809","8.63987e+06",
"blutrot","2116","Воробей","4","","1.83413e+06","597981","781498",
"jaune","2100","Pipit de Godlewski","4","","1.13822e+06","116402","4.01487e+06",
"schneeweiß","2143","Araqua-pintado","4","","550476","276630","527640",
"красный","2131","Орёл","2","","356345","1.05636e+06","5.10346e+06",
"Red-violet","2074","Silbón Europeo","1","Asiatic Cheetah","462344","785704","1.2804e+07",
"violeta","2109","Macreuse à bec jaune","1","Asiatic Cheetah","2.37487e+06","149065","211585",
"rouge","2125","Araqua-pintado","1","Asiatic Lion","1.12041e+06","713779","7.05012e+06",
"púrpura","2147","Macreuse à bec jaune","0","Leopard","3.45276e+06","783423","6.7378e+06",
"noir","2111","Araqua-pintado","1","Jaguar","1.39617e+06","34775.4","777382",
"schneeweiß","2070","Macuco","2","Cougar","671604","118915","2.41819e+06",
"schneeweiß","2121","Araqua-pintado","4","","518091","275194","1.05429e+07",
"blutrot","2129","Porrón Islándico","2","","780876","455359","2.96015e+06",
"ébène","2105","Голубь","4","Leopard","2.40899e+06","285775","1.24371e+06",
"rouge","2141","Weißwangengans","1","","3.01983e+06","1.12094e+06","1.12303e+07",
"noir","2086","Silbón Europeo","4","","2.3624e+06","51676.2","1.49133e+06",
"blutrot","2147","Silbón Europeo","1","Clouded Leopard","3.05536e+06","247689","2.95344e+06",
"rouge","2078","Macreuse à bec jaune","1","Amur Leopard","610881","1.37095e+06","1.0071e+07",
"Orange-red","2034","Ánsar Piquicorto","1","Asiatic Lion","592649","386979","3.19668e+06",
"Grünspan","2106","Purpurreiher","1","Leopard","3.12774e+06","757213","3.27333e+06",
"jaune","2140","Macreuse à bec jaune","2","Snow Leopard","2.33787e+06","637692","1.90841e+06",
"marrón","2053","Голубь","1","","479544","248430","6.06278e+06",
"kohlrabenschwarz","2144","Pipit de Godlewski","2","Cheetah","2.31699e+06","232795","4.49069e+06",
"Indigo","2129","Macreuse à bec jaune","4","","801832","105583","1.09314e+07",
"Grünspan","2044","Weißwangengans","3","Asiatic Cheetah","3.6623e+06","344798","1.16602e+07",
"Grünspan","2042","Лебедь","1","Cougar","985988","315401","2.87201e+06",
"jaune","2016","Pipit de Godlewski","2","Asiatic Lion","683863","893006","4.28667e+06",
"blanc","2096","Puffin des Baléares","3","Leopard","963253","464204","2.47123e+06",
"noir","2040","Лебедь","0","Jaguar","2.4431e+06","165362","3.05184e+06",
"schneeweiß","2145","Purpurreiher","2","","3.36486e+06","467996","8.71204e+06",
"türkis","2069","Воробей","2","Clouded Leopard","1.94327e+06","27015","925552",
"Red-violet","2131","Araqua-pintado","1","Asiatic Lion","2.7806e+06","1.02341e+06","7.2934e+06",
"altrosa","2133","Löffelente","4","Asiatic Lion","162971","892255","8.19592e+06",
"türkis","2069","Araqua-pintado","2","Leopard","2.32476e+06","210735","1.14241e+07",
"púrpura","2012","Macreuse à bec jaune","4","","1.86391e+06","1.02331e+06","1.1798e+07",
"pechschwarz","2111","Weißwangengans","2","Clouded Leopard","1.61196e+06","418944","189567",
"Grünspan","2014","Орёл","4","","2.9458e+06","874100","1.07828e+06",
"jaune","2147","Weißwangengans","0","","2.43251e+06","522037","7.09627e+06",
"коричневый","2089","Silbón Europeo","4","","2.50406e+06","118802","2.78721e+06",
"altrosa","2064","Голубь","2","","199987","127883","674992",
"ébène","2071","Purpurreiher","4","Clouded Leopard","365753","593805","1.08063e+06",
"dorado","2064","Weißwangengans","2","Leopard","854849","80086.7","8.43149e+06",
"blutrot","2071","Purpurreiher","2","Asiatic Cheetah","2.08508e+06","708213","6.63703e+06",
"暗紅色/暗赤色","2096","Tüpfelsumpfhuhn","1","Lion","993830","422710","2.42433e+06",
"schneeweiß","2061","Tüpfelsumpfhuhn","2","Asiatic Lion","3.64575e+06","532163","1.28801e+06",
"Indigo","2046","Silbón Europeo","2","Leopard","636930","407304","5.02259e+06",
"Grünspan","2081","Löffelente","2","Jaguar","266661","982635","7.17204e+06",
"dorado","2126","Pipit de Godlewski","1","","1.01428e+06","14212.4","6.75982e+06",
"türkis","2091","Löffelente","4","","3.66928e+06","97117.2","1.15435e+07",
"jaune","2147","Pica-pau-de-penacho","2","Jaguar","859574","69226.9","1.14286e+07",
"schneeweiß","2091","Macreuse à bec jaune","1","","312289","653592","1.12383e+07",
"rouge","2136","Marreca-cabocla","4","","1.62101e+06","120447","8.45082e+06",
"altrosa","2102","Weißwangengans","1","","2.2808e+06","1.09194e+06","284744",
"altrosa","2148","Silbón Europeo","4","Asiatic Lion","625931","140565","1.04995e+06",
"ébène","2083","Purpurreiher","2","","2.03753e+06","1.10896e+06","1.04093e+06",
"altrosa","2097","Löffelente","0","","1.00257e+06","686982","2.6934e+06",
"dorado","2123","Pipit de Godlewski","2","Asiatic Lion","3.45523e+06","1.00795e+06","5.02031e+06",
"altrosa","2149","Pipit de Godlewski","1","","1.4476e+06","544217","1.29037e+06",
"schneeweiß","2097","Goéland d'Amérique","4","Mountain Lion","2.97767e+06","818467","1.91714e+06",
"fumée","2115","Marreca-cabocla","2","","522527","640611","2.38217e+06",
"marrón","2084","Puffin des Baléares","2","Jaguar","461882","782655","2.90762e+06",
"zitronengelb","2068","Purpurreiher","1","","457911","296205","1.27701e+07",
"kohlrabenschwarz","2107","Araqua-pintado","2","","2.2588e+06","93259","1.21304e+07",
"黄枯茶","2142","Tüpfelsumpfhuhn","1","Asiatic Lion","1.5098e+06","173229","496055",
"blutrot","2069","Purpurreiher","4","","4.09742e+06","722319","3.26132e+06",
"rouge","2070","Malvasía Cabeciblanca","4","Leopard","1.86229e+06","812060","1.07941e+06",
"jaune","2119","Macuco","4","","361699","1.37712e+06","5.77215e+06",
"Cerise","2134","Löffelente","1","Asiatic Lion","499106","38780.9","977156",
"violeta","2135","Орёл","1","Asiatic Lion","346483","305892","2.60094e+06",
"jaune","2129","Macuco","2","Leopard","1.44525e+06","255794","2.65492e+06",
"türkis","2092","Weißwangengans","0","Leopard","720551","1.48276e+06","9.80007e+06",
"Indigo","2122","Araqua-pintado","1","Cheetah","2.41416e+06","1.1326e+06","1.02503e+07",
"Grünspan","2087","Macreuse à bec jaune","1","Leopard","1.4833e+06","360879","2.28718e+06",
"墨色","2076","Лебедь","2","Leopard","99191.8","266401","5.67403e+06",
"pechschwarz","2120","Silbón Europeo","4","Jaguar","221355","546964","1.32977e+06",
"Red-violet","2148","Tüpfelsumpfhuhn","1","Asiatic Lion","1.43724e+06","1.114e+06","5.46867e+06",
"schneeweiß","2021","Purpurreiher","2","Leopard","963651","524786","7.58463e+06",
"красный","2149","Орёл","4","Cheetah","3.93948e+06","228222","4.95012e+06",
"blutrot","2007","Purpurreiher","1","Asiatic Lion","1.96518e+06","700981","1.32852e+07",
"noir","2047","Silbón Europeo","1","Asiatic Lion","2.39389e+06","429660","4.57885e+06",
"púrpura","2082","Pipit de Godlewski","0","","1.70221e+06","495193","7.56243e+06",
"schneeweiß","2078","Araqua-pintado","4","Lion","2.50547e+06","623275","742529",
"pechschwarz","2124","Malvasía Cabeciblanca","0","","468832","836773","7.25265e+06",
"pechschwarz","2074","Tüpfelsumpfhuhn","4","","3.93218e+06","948131","3.06487e+06",
"café","2032","Purpurreiher","4","Asiatic Lion","2.65917e+06","882857","6.54525e+06",
"schneeweiß","2086","Weißwangengans","1","Mountain Lion","2.24189e+06","155922","1.35357e+07",
"Red-violet","2052","Ánsar Piquicorto","1","Asiatic Lion","381672","878101","1.27451e+07",
"pechschwarz","2111","Puffin des Baléares","1","","256373","446003","3.18917e+06",
"jaune","2067","Pipit de Godlewski","1","Asiatic Lion","1.52699e+06","1.07371e+06","3.95733e+06",
"rouge","2133","Macuco","2","Amur Leopard","3.003e+06","1.24221e+06","1.52309e+06",
"rouge","2076","Purpurreiher","2","","1.05384e+06","56256.7","3.13079e+06",
"jaune","2133","Pipit de Godlewski","2","Leopard","3.74921e+06","845131","6.30009e+06",
"schneeweiß","2117","Malvasía Cabeciblanca","1","","1.21246e+06","270028","7.39131e+06",
"fumée","2133","Weißwangengans","2","Cougar","3.89207e+06","325826","1.08974e+06",
"чёрный","2111","Pipit de Godlewski","4","","2.2591e+06","233894","4.9499e+06",
"чёрный","2070","Голубь","1","Leopard","3.29977e+06","307051","4.04145e+06",
"schneeweiß","2141","Marreca-cabocla","4","Leopard","4.27184e+06","574256","6.69405e+06",
"céruse","2064","Macreuse à bec jaune","4","Lion","2.79188e+06","967101","4.07087e+06",
"rouge","2106","Purpurreiher","3","","589373","552317","1.75735e+06",
"schneeweiß","2025","Weißwangengans","2","","683171","96583.4","1.62155e+06",
"濡れ羽色","2078","Araqua-pintado","4","Asiatic Lion","897117","271267","423129",
"Grünspan","2075","Macreuse à bec jaune","2","","2.25874e+06","286114","1.63344e+06",
"墨色","2126","Malvasía Cabeciblanca","1","","2.46565e+06","188583","3.8098e+06",
"pechschwarz","2130","Голубь","2","","92689","1.42387e+06","1.06956e+07",
"rouge","2136","Malvasía Cabeciblanca","4","Leopard","3.50815e+06","498004","9.53788e+06",
"rouge","2106","Silbón Europeo","0","","3.77619e+06","205409","2.04858e+06",
"zitronengelb","2142","Pipit de Godlewski","4","","1.13376e+06","12618.9","5.21805e+06",
"чёрный","2065","Puffin des Baléares","1","Snow Leopard","466565","327199","2.68582e+06",
"café","2111","Löffelente","1","Asiatic Lion","417792","6600.5","2.21378e+06",
"pechschwarz","2116","Araqua-pintado","0","Jaguar","2.87983e+06","286152","4.18038e+06",
"ébène","2021","Weißwangengans","1","Asiatic Lion","463561","213038","1.16123e+07",
"rouge","2111","Macuco","1","Snow Leopard","4.45768e+06","206739","644870",
"blutrot","2146","Araqua-pintado","2","Mountain Lion","1.03124e+06","901546","4.26824e+06",
"dorado","2098","Tüpfelsumpfhuhn","1","","2.45321e+06","379883","2.85172e+06",
"dorado","2103","Weißwangengans","4","","1.07146e+06","196444","667403",
"blutrot","2063","Ánsar Piquicorto","1","","540538","735366","1.24804e+06",
"café","2132","Weißwangengans","4","Jaguar","3.3665e+06","508646","6.97959e+06",
"violeta","2124","Голубь","4","Snow Leopard","2.83947e+06","212866","3.58822e+06",
"jaune","2052","Ánsar Piquicorto","2","Jaguar","1.84224e+06","328902","6.65315e+06",
"altrosa","2073","Löffelente","2","Amur Leopard","3.10677e+06","315631","1.30133e+07",
"fumée","2135","Tüpfelsumpfhuhn","2","","538764","766065","6.69768e+06",
"violeta","2114","Weißwangengans","4","Cheetah","2.06212e+06","1.04598e+06","4.72722e+06",
"marrón","2137","Malvasía Cabeciblanca","1","Cheetah","661951","719957","4.92202e+06",
"zitronengelb","2069","Silbón Europeo","0","Leopard","2.17324e+06","653496","4.15404e+06",
"altrosa","2039","Araqua-pintado","1","Cheetah","582227","991796","7.88544e+06",
"jaune","2142","Goéland d'Amérique","2","","1.15617e+06","220387","1.79532e+06",
"violeta","2090","Weißwangengans","4","Leopard","1.05796e+06","547045","1.37135e+06",
"pechschwarz","2129","Weißwangengans","2","Asiatic Lion","1.8471e+06","820807","1.05817e+06",
"noir","2108","Löffelente","2","Clouded Leopard","1.93094e+06","257230","3.6984e+06",
"fumée","2021","Löffelente","4","Snow Leopard","1.49551e+06","1.11765e+06","4.22549e+06",
"altrosa","2123","Araqua-pintado","2","Cheetah","3.16544e+06","224985","2.0856e+06",
"türkis","2098","Purpurreiher","2","Cougar","1.68858e+06","151117","6.84057e+06",
"pechschwarz","2100","Weißwangengans","2","Leopard","24447.5","761579","8.15478e+06",
"濡れ羽色","2144","Puffin des Baléares","2","Amur Leopard","2.59221e+06","942860","9407.61",
"marrón","2112","Araqua-pintado","0","Leopard","1.33648e+06","856749","1.22831e+07",
"pechschwarz","2037","Macuco","1","Jaguar","2.59059e+06","783963","4.63323e+06",
"ébène","2143","Tüpfelsumpfhuhn","4","","831174","254556","1.33343e+07",
"púrpura","2137","Голубь","1","Asiatic Lion","52982.5","243729","8.14959e+06",
"Orange-red","2053","Araqua-pintado","1","Leopard","976226","658630","2.99807e+06",
"blanc","2072","Purpurreiher","1","Lion","425738","1.30418e+06","1.00473e+06",
"blanc","2144","Purpurreiher","1","","1.92057e+06","445297","856258",
"Grünspan","2134","Weißwangengans","4","","568691","124906","3.25027e+06",
"pechschwarz","2140","Silbón Europeo","1","Lion","408846","421976","476801",
"schneeweiß","2115","Ánsar Piquicorto","2","Leopard","2.61739e+06","63449.9","1.00878e+07",
"violeta","2117","Purpurreiher","2","Clouded Leopard","1.5849e+06","1.05394e+06","2.11603e+06",
"púrpura","2095","Macreuse à bec jaune","2","","186423","561765","2.91842e+06",
"jaune","2045","Weißwangengans","2","","1.28138e+06","355481","4.82031e+06",
"violeta","2121","Löffelente","0","","1.15375e+06","270886","686197",
"rouge","2110","Löffelente","3","Mountain Lion","2.15939e+06","482879","3.01845e+06",
"pechschwarz","2076","Marreca-cabocla","4","Leopard","1.74314e+06","392994","7.24631e+06",
"jaune","2030","Marreca-cabocla","3","","533296","639626","4.72364e+06",
"blutrot","2021","Голубь","4","","4.63898e+06","188180","322399",
"ébène","2113","Purpurreiher","1","Leopard","3.19899e+06","60842.6","470224",
"altrosa","2111","Macuco","1","Cheetah","1.69596e+06","1.14215e+06","5.93693e+06",
"blutrot","2148","Löffelente","4","","931208","626392","2.09423e+06",
"墨色","2089","Macreuse à bec jaune","4","Leopard","460902","190742","1.8449e+06",
"красный","2104","Macreuse à bec jaune","4","Jaguar","730324","102328","7.36422e+06",
"жёлтый","2059","Silbón Europeo","4","","734207","776564","2.29112e+06",
"céruse","2080","Macuco","4","Lion","918831","280793","974710",
"jaune","2091","Pica-pau-de-penacho","4","Jaguar","4.14923e+06","420642","1.33713e+07",
"blutrot","2103","Purpurreiher","4","Lion","1.45471e+06","326916","5.95652e+06",
"красный","2070","Silbón Europeo","2","","3.86582e+06","113923","805813",
"zitronengelb","2035","Araqua-pintado","2","Clouded Leopard","3.24716e+06","57257","7.21056e+06",
"blutrot","2032","Орёл","4","","55771.1","587948","7.01095e+06",
"rouge","2143","Ánsar Piquicorto","4","","2.32972e+06","413660","1.64517e+06",
"Red-violet","2142","Purpurreiher","4","Mountain Lion","2.89822e+06","127950","6.50332e+06",
"kohlrabenschwarz","2134","Weißwangengans","4","","2.73192e+06","419652","3.99751e+06",
"blutrot","2106","Purpurreiher","1","","3.43221e+06","38903","7.36589e+06",
"серый","2145","Araqua-pintado","4","","1.94702e+06","1.40002e+06","1.10349e+06",
"púrpura","2148","Воробей","1","","1.12456e+06","177423","9.78511e+06",
"rouge","2017","Weißwangengans","4","","3.58986e+06","192379","2.18486e+06",
"Red-violet","2100","Marreca-cabocla","1","Cheetah","3.7115e+06","894158","1.94961e+06",
"Red-violet","2113","Silbón Europeo","1","Clouded Leopard","450624","671650","5.70407e+06",
"pechschwarz","2065","Tüpfelsumpfhuhn","4","","2.11196e+06","490120","8.12153e+06",
"Cerise","2131","Macreuse à bec jaune","0","Asiatic Cheetah","1.6196e+06","280554","1.00045e+07",
"schneeweiß","2122","Орёл","2","Snow Leopard","2.2579e+06","756737","3.16449e+06",
"blutrot","2138","Голубь","0","Leopard","1.99929e+06","190010","1.79061e+06",
"zitronengelb","2116","Löffelente","1","","443876","303355","1.33045e+07",
"café","2106","Голубь","4","Clouded Leopard","3.83206e+06","806403","3.31865e+06",
"黄枯茶","2018","Löffelente","1","Leopard","1.31721e+06","71094.5","3.52327e+06",
"türkis","2141","Marreca-cabocla","1","Cougar","3.29556e+06","786327","3.48033e+06",
"blanc","2118","Weißwangengans","2","Jaguar","1.48431e+06","426367","3.93048e+06",
"pechschwarz","2117","Лебедь","4","","1.44629e+06","280269","6.79706e+06",
"красный","2108","Pipit de Godlewski","4","Leopard","1.13434e+06","55529.6","6.18346e+06",
"Red-violet","2130","Голубь","0","","839217","259226","7.55972e+06",
"blutrot","2122","Орёл","0","","2.77909e+06","384335","2.23868e+06",
"púrpura","2078","Воробей","1","Cheetah","1.19699e+06","722815","1.53863e+06",
"jaune","2110","Löffelente","1","Clouded Leopard","486699","941944","9.94028e+06",
"серый","2137","Weißwangengans","4","","3.79135e+06","141076","6.25078e+06",
"jaune","2138","Purpurreiher","1","","186752","297746","1.43168e+07",
"zitronengelb","2138","Weißwangengans","4","Amur Leopard","1.20545e+06","1.17658e+06","669689",
"türkis","2064","Pipit de Godlewski","3","Asiatic Lion","2.53331e+06","1.17099e+06","3.54322e+06",
"濡れ羽色","2054","Malvasía Cabeciblanca","4","","1.16801e+06","572395","8.71561e+06",
"púrpura","2129","Pipit de Godlewski","1","Asiatic Lion","1.31311e+06","433265","1.48341e+06",
"blutrot","2028","Puffin des Baléares","4","Lion","2.52728e+06","411304","454369",
"ébène","2126","Tüpfelsumpfhuhn","1","Asiatic Lion","3.23944e+06","642444","2.06996e+06",
"schneeweiß","2132","Silbón Europeo","2","","732955","671063","1.46483e+06",
"紅梅色","2013","Pipit de Godlewski","3","","348269","127401","3.69283e+06",
"красный","2129","Голубь","4","","3.0926e+06","1.16808e+06","1.65318e+06",
"pechschwarz","2077","Голубь","4","","558633","751245","459986",
"Grünspan","2066","Marreca-cabocla","4","","1.75037e+06","247100","3.52703e+06",
"красный","2134","Purpurreiher","0","Snow Leopard","1.62386e+06","897487","1.35363e+06",
"красный","2068","Macreuse à bec jaune","0","","3.05552e+06","946622","1.30497e+06",
"blutrot","2123","Pica-pau-de-penacho","4","Asiatic Lion","2.31862e+06","75374.5","3.10082e+06",
"noir","2096","Macuco","4","Leopard","841816","23242.9","1.2769e+07",
"blutrot","2130","Weißwangengans","1","","406899","1.02113e+06","1.30652e+07",
"серый","2061","Tüpfelsumpfhuhn","4","","3.19654e+06","635714","6.8912e+06",
"Grünspan","2142","Weißwangengans","4","Clouded Leopard","1.59378e+06","908083","2.26183e+06",
"schneeweiß","2103","Tüpfelsumpfhuhn","4","Cheetah","1.89135e+06","25800.6","1.11289e+06",
"marrón","2133","Araqua-pintado","1","Cheetah","2.63505e+06","944426","2.29397e+06",
"jaune","2018","Tüpfelsumpfhuhn","2","Jaguar","4.3577e+06","119341","1.22418e+07",
"rouge","2021","Ánsar Piquicorto","1","Cheetah","972881","570593","6.2756e+06",
"Cerise","2108","Лебедь","3","Cheetah","2.47452e+06","694183","1.36851e+07",
"dorado","2087","Pipit de Godlewski","2","Asiatic Cheetah","1.48466e+06","1.03955e+06","8.52631e+06",
"Red-violet","2132","Macreuse à bec jaune","2","Lion","1.72354e+06","204215","1.37668e+07",
"fumée","2054","Weißwangengans","4","Asiatic Cheetah","864569","555673","1.24451e+07",
"marrón","2074","Голубь","4","Amur Leopard","833316","653047","5.56207e+06",
"красный","2134","Голубь","4","","2.64947e+06","153408","5.03472e+06",
"kohlrabenschwarz","2116","Purpurreiher","4","Asiatic Lion","847211","159874","2.71112e+06",
"濡れ羽色","2015","Macreuse à bec jaune","2","Mountain Lion","3.88784e+06","284714","6.02561e+06",
"pechschwarz","2059","Лебедь","1","","3.41976e+06","649498","8.47839e+06",
"pechschwarz","2119","Tüpfelsumpfhuhn","1","Mountain Lion","2.81109e+06","167764","8.58439e+06",
"blanc","2110","Malvasía Cabeciblanca","2","Asiatic Lion","332978","62428.6","1.36876e+06",
"púrpura","2135","Macuco","4","","692451","239126","2.32287e+06",
"Grünspan","2137","Tüpfelsumpfhuhn","2","Cheetah","4.2443e+06","343457","9.05848e+06",
"Grünspan","2148","Weißwangengans","4","Asiatic Lion","544749","654545","2.02162e+06",
"marrón","2127","Tüpfelsumpfhuhn","1","Cheetah","2.60459e+06","373874","5.44271e+06",
"schneeweiß","2088","Лебедь","4","Lion","2.23763e+06","418906","9.54431e+06",
"kohlrabenschwarz","2148","Голубь","1","","3.71187e+06","695687","6.81247e+06",
"красный","2041","Weißwangengans","4","Asiatic Cheetah","2.27829e+06","474848","1.16039e+07",
"púrpura","2139","Macuco","1","","1.81061e+06","363861","5.96035e+06",
"jaune","2081","Araqua-pintado","2","Mountain Lion","3.94353e+06","586805","3.32102e+06",
"schneeweiß","2137","Purpurreiher","0","Amur Leopard","2.96527e+06","588318","7.78369e+06",
"pechschwarz","2111","Macreuse à bec jaune","4","","1.75813e+06","163100","3.37443e+06",
"schneeweiß","2149","Macuco","0","","697049","343905","1.06544e+06",
"jaune","2139","Ánsar Piquicorto","4","Leopard","1.20256e+06","477596","3.61652e+06",
"púrpura","2149","Pipit de Godlewski","4","Asiatic Cheetah","1.32299e+06","265426","1.24876e+06",
"blutrot","2086","Macreuse à bec jaune","4","Asiatic Lion","1.64855e+06","296990","5.21598e+06",
"暗紅色/暗赤色","2133","Weißwangengans","4","Asiatic Cheetah","2.61133e+06","193077","103436",
"marrón","2124","Tüpfelsumpfhuhn","4","Mountain Lion","725949","202079","2.37133e+06",
"濡れ羽色","2115","Macreuse à bec jaune","1","Lion","4.11256e+06","288989","1.13177e+07",
"коричневый","2136","Weißwangengans","3","Leopard","2.15585e+06","129440","5.724e+06",
"濡れ羽色","2085","Weißwangengans","1","Clouded Leopard","333468","397531","849307",
"暗紅色/暗赤色","2125","Голубь","0","Amur Leopard","1.32871e+06","124267","1.16622e+07",
"kohlrabenschwarz","2037","Malvasía Cabeciblanca","2","","2.59398e+06","384096","4.16133e+06",
"rouge","2105","Puffin des Baléares","2","Clouded Leopard","2.6629e+06","560906","893717",
"blutrot","2036","Weißwangengans","2","Clouded Leopard","2.60155e+06","233755","2.45316e+06",
"rouge","2064","Araqua-pintado","4","","3.96004e+06","779333","17751.4",
"zitronengelb","2046","Araqua-pintado","4","Lion","295298","1.42858e+06","55079",
"zitronengelb","2054","Marreca-cabocla","2","Clouded Leopard","1.23459e+06","265529","6.56188e+06",
"rouge","2067","Macreuse à bec jaune","3","Lion","1.09233e+06","461179","5.07268e+06",
"blutrot","2108","Malvasía Cabeciblanca","1","","1.08948e+06","315537","1.08929e+06",
"jaune","2146","Macreuse à bec jaune","4","Leopard","389479","533438","5.45865e+06",
"pechschwarz","2017","Macuco","3","Asiatic Lion","3.36151e+06","709383","3.0101e+06",
"púrpura","2126","Malvasía Cabeciblanca","1","Leopard","360524","795207","7.98874e+06",
"pechschwarz","2090","Macuco","1","Jaguar","1.18102e+06","368432","5.92583e+06",
"schneeweiß","2130","Weißwangengans","4","Snow Leopard","4.5311e+06","9542.49","342815",
"blutrot","2084","Löffelente","2","Mountain Lion","1.16566e+06","394388","3.88103e+06",
"rouge","2106","Pipit de Godlewski","4","","2.2454e+06","626208","7.93776e+06",
"türkis","2109","Purpurreiher","0","Leopard","280312","1.11851e+06","7.12262e+06",
"чёрный","2117","Macreuse à bec jaune","1","Cougar","61795.5","661491","7.52796e+06",
"dorado","2010","Silbón Europeo","4","Asiatic Cheetah","2.43822e+06","304333","1.34224e+07",
"blutrot","2147","Macreuse à bec jaune","4","Jaguar","1.55562e+06","424762","1.11569e+06",
"marrón","2101","Воробей","1","Cheetah","257333","301213","5.38972e+06",
"zitronengelb","2039","Голубь","2","Asiatic Lion","3.79196e+06","240862","7.30382e+06",
"濡れ羽色","2106","Macreuse à bec jaune","4","Asiatic Lion","1.42661e+06","367751","1.40971e+06",
"pechschwarz","2008","Purpurreiher","3","Jaguar","573210","989663","9.11659e+06",
"fumée","2098","Silbón Europeo","2","Snow Leopard","2.92563e+06","822436","5.79597e+06",
"púrpura","2126","Weißwangengans","2","Cougar","4.15869e+06","79523.7","9.94798e+06",
"marrón","2078","Purpurreiher","2","","84331.6","300770","1.11812e+07",
"zitronengelb","2140","Macuco","2","Asiatic Lion","843363","102572","5.59794e+06",
"rouge","2071","Weißwangengans","2","Snow Leopard","761161","286656","694100",
"rouge","2108","Puffin des Baléares","2","","760751","425419","1.07357e+07",
"rouge","2072","Purpurreiher","1","Jaguar","4.26096e+06","370106","6.80986e+06",
"jaune","2145","Porrón Islándico","2","","2.18015e+06","168384","3.98504e+06",
"blutrot","2149","Silbón Europeo","3","Asiatic Lion","816901","1.14201e+06","1.5773e+06",
"fumée","2125","Weißwangengans","4","Asiatic Cheetah","2.4341e+06","873856","1.32174e+07",
"púrpura","2133","Macreuse à bec jaune","2","Leopard","2.31684e+06","275099","1.02744e+06",
"céruse","2128","Tüpfelsumpfhuhn","1","","2.20782e+06","322507","2.92994e+06",
"blutrot","2134","Weißwangengans","0","Clouded Leopard","834151","449438","2.73159e+06",
"красный","2124","Pipit de Godlewski","2","Snow Leopard","3.89914e+06","355128","5.67596e+06",
"красный","2137","Araqua-pintado","1","Jaguar","709413","73902","2.34282e+06",
"blanc","2132","Purpurreiher","1","Asiatic Cheetah","3.61996e+06","30426.9","4.73548e+06",
"kohlrabenschwarz","2078","Weißwangengans","1","Lion","3.06385e+06","1.02503e+06","66911.9",
"Red-violet","2135","Malvasía Cabeciblanca","2","Clouded Leopard","2.36552e+06","115918","347194",
"Orange-red","2144","Голубь","4","","2.16774e+06","49620.9","4.85228e+06",
"noir","2079","Malvasía Cabeciblanca","4","Mountain Lion","3.0583e+06","1.00169e+06","6.97023e+06",
"marrón","2130","Marreca-cabocla","4","Cheetah","2.49105e+06","380974","7.05504e+06",
"blutrot","2091","Macreuse à bec jaune","4","","2.26483e+06","934817","2.22648e+06",
"blutrot","2088","Löffelente","1","Cougar","2.15858e+06","357700","4.97657e+06",
"marrón","2140","Tüpfelsumpfhuhn","0","Leopard","2.7023e+06","1.1765e+06","4.5229e+06",
"Grünspan","2141","Pipit de Godlewski","4","Lion","1.68176e+06","369185","3.80844e+06",
"jaune","2072","Weißwangengans","4","Cougar","996251","303614","2.40827e+06",
"türkis","2012","Pipit de Godlewski","1","Leopard","1.55598e+06","565419","293762",
"dorado","2107","Araqua-pintado","4","Leopard","406094","838374","5.83191e+06",
"Cerise","2068","Лебедь","0","Amur Leopard","381768","104966","4.49647e+06",
"blutrot","2137","Marreca-cabocla","2","","1.81012e+06","999850","2.46627e+06",
"fumée","2127","Malvasía Cabeciblanca","0","Cheetah","60669.8","133787","1.32967e+07",
"café","2118","Tüpfelsumpfhuhn","4","","551758","36894.9","451066",
"blutrot","2076","Macreuse à bec jaune","4","","804685","306771","1.2757e+07",
"fumée","2039","Malvasía Cabeciblanca","2","","2.45979e+06","163318","2.35393e+06",
"dorado","2117","Purpurreiher","2","","2.00985e+06","164428","6.00865e+06",
"暗紅色/暗赤色","2067","Tüpfelsumpfhuhn","0","Lion","873423","748551","9.96745e+06",
"púrpura","2085","Purpurreiher","0","Mountain Lion","1.63704e+06","1.4553e+06","926253",
"Grünspan","2048","Голубь","2","Mountain Lion","1.89064e+06","864338","2.28441e+06",
"blanc","2144","Purpurreiher","4","Asiatic Cheetah","1.12432e+06","765426","2.50127e+06",
"schneeweiß","2063","Araqua-pintado","0","Jaguar","3.6757e+06","419826","2.09121e+06",
"blutrot","2141","Porrón Islándico","0","Snow Leopard","3.22973e+06","412944","7.18157e+06",
"fumée","2128","Purpurreiher","4","Lion","2.16266e+06","174270","5.11532e+06",
"暗紅色/暗赤色","2087","Malvasía Cabeciblanca","1","Jaguar","1.1875e+06","546957","6.19972e+06",
"pechschwarz","2051","Purpurreiher","0","Mountain Lion","4.25225e+06","158935","7.2945e+06",
"暗紅色/暗赤色","2120","Purpurreiher","4","Snow Leopard","2.01838e+06","90016.6","7.36134e+06",
"blutrot","2120","Tüpfelsumpfhuhn","2","","559935","518677","1.40585e+07",
"dorado","2130","Голубь","4","Asiatic Lion","703585","787747","1.16273e+06",
"rouge","2039","Purpurreiher","4","Jaguar","2.72452e+06","884380","7.15439e+06",
"blutrot","2108","Purpurreiher","4","Clouded Leopard","287804","26127.4","5.20461e+06",
"dorado","2024","Löffelente","1","","993301","22761.5","3.19702e+06",
"серый","2122","Löffelente","2","Leopard","967499","1.08695e+06","8.71287e+06",
"Cerise","2059","Pipit de Godlewski","4","","1.21865e+06","774753","7.77439e+06",
"白湯","2131","Malvasía Cabeciblanca","0","Amur Leopard","1.34912e+06","304906","2.6242e+06",
"rouge","2139","Löffelente","2","","3.48224e+06","133304","458617",
"türkis","2122","Macreuse à bec jaune","4","Cougar","3.63373e+06","562482","3.30279e+06",
"ébène","2044","Löffelente","1","","1.74006e+06","382957","4.15743e+06",
"Grünspan","2040","Macreuse à bec jaune","0","Mountain Lion","1.49165e+06","1.35484e+06","1.21717e+06",
"türkis","2149","Macreuse à bec jaune","1","","2.98913e+06","364788","307793",
"café","2077","Puffin des Baléares","1","Mountain Lion","2.16398e+06","327282","3.12693e+06",
"Cerise","2128","Weißwangengans","2","Asiatic Lion","3.73681e+06","286246","6.08248e+06",
"púrpura","2137","Macreuse à bec jaune","4","","3.47001e+06","602405","1.05689e+07",
"pechschwarz","2079","Porrón Islándico","2","","2.12027e+06","140566","9.0612e+06",
"blutrot","2136","Голубь","4","","717112","995184","700490",
"türkis","2061","Tüpfelsumpfhuhn","1","Mountain Lion","729933","973740","1.14225e+06",
"noir","2137","Tüpfelsumpfhuhn","3","Asiatic Cheetah","2.80867e+06","65349.2","8.62445e+06",
"altrosa","2128","Porrón Islándico","1","","2.9407e+06","327117","3.04768e+06",
"pechschwarz","2146","Macuco","0","Asiatic Lion","2.40688e+06","906356","6.15599e+06",
"Grünspan","2036","Macuco","3","Leopard","2.20624e+06","681127","3.97518e+06",
"kohlrabenschwarz","2142","Голубь","1","","1.80329e+06","453263","1.26613e+07",
"schneeweiß","2044","Purpurreiher","1","Lion","792198","1.07572e+06","7.30879e+06",
"ébène","2038","Puffin des Baléares","1","Asiatic Lion","651977","1.0318e+06","4.26487e+06",
"púrpura","2050","Malvasía Cabeciblanca","4","Lion","627198","113383","2.75835e+06",
"dorado","2041","Malvasía Cabeciblanca","2","","286691","857951","7.68767e+06",
"Orange-red","2124","Purpurreiher","2","Cougar","638381","726238","8.30983e+06",
"暗紅色/暗赤色","2136","Weißwangengans","2","Cheetah","2.47305e+06","613693","1.04447e+07",
"türkis","2045","Malvasía Cabeciblanca","4","Mountain Lion","3.32203e+06","1.27548e+06","6.22637e+06",
"Red-violet","2112","Pipit de Godlewski","4","Leopard","545573","1.12076e+06","2.78935e+06",
"marrón","2123","Орёл","4","Clouded Leopard","1.43897e+06","358265","9.85829e+06",
"fumée","2139","Marreca-cabocla","4","Asiatic Lion","944111","1.0013e+06","1.94155e+06",
"濡れ羽色","2112","Macuco","0","","2.53187e+06","116122","1.24941e+07",
"красный","2084","Pipit de Godlewski","4","Amur Leopard","470263","1.00197e+06","7.31702e+06",
"altrosa","2146","Araqua-pintado","1","Leopard","1.26564e+06","318014","8297.47",
"altrosa","2097","Puffin des Baléares","4","","1.54288e+06","161413","1.01998e+07",
"altrosa","2042","Araqua-pintado","2","","3.76573e+06","25659","6.06088e+06",
"noir","2125","Löffelente","4","Mountain Lion","1.1771e+06","296880","6.57227e+06",
"墨色","2127","Macuco","0","","2.50771e+06","216874","3.76418e+06",
"violeta","2086","Weißwangengans","4","Jaguar","658500","951221","1.52535e+06",
"Grünspan","2047","Tüpfelsumpfhuhn","2","Asiatic Lion","2.04077e+06","388563","1.27014e+07",
"jaune","2135","Macreuse à bec jaune","4","","2.1646e+06","119716","6.36732e+06",
"Cerise","2012","Pipit de Godlewski","1","","360171","290354","6.27226e+06",
"dorado","2148","Purpurreiher","4","Jaguar","2.28793e+06","911589","6.59157e+06",
"ébène","2054","Weißwangengans","1","Cheetah","1.88646e+06","489110","5.03629e+06",
"noir","2078","Purpurreiher","4","Amur Leopard","4.05275e+06","163296","1.02735e+07",
"jaune","2115","Голубь","0","Cougar","959116","53578.2","5.49833e+06",
"серый","2057","Weißwangengans","1","Asiatic Lion","1.85706e+06","123259","2.36517e+06",
"rouge","2136","Macreuse à bec jaune","4","Jaguar","1.88217e+06","852142","4.60626e+06",
"jaune","2090","Purpurreiher","2","Leopard","738415","884789","4.48194e+06",
"jaune","2034","Malvasía Cabeciblanca","4","Asiatic Lion","2.0966e+06","74365.7","1.05064e+07",
"красный","2052","Pipit de Godlewski","1","","998642","285141","7.34439e+06",
"noir","2043","Malvasía Cabeciblanca","4","Leopard","1.83082e+06","924131","828321",
"blutrot","2122","Purpurreiher","1","Asiatic Lion","435543","390003","5.62226e+06",
"türkis","2085","Araqua-pintado","2","","137584","560262","881871",
"türkis","2140","Macuco","1","Leopard","3.20357e+06","653170","8.27819e+06",
"púrpura","2077","Орёл","4","Leopard","1.16899e+06","15987","4.50571e+06",
"kohlrabenschwarz","2033","Pipit de Godlewski","2","Asiatic Lion","2.98588e+06","367178","1.2226e+07",
"schneeweiß","2042","Silbón Europeo","0","Leopard","1.78387e+06","288461","4.42314e+06",
"Grünspan","2111","Malvasía Cabeciblanca","2","Mountain Lion","1.63504e+06","558928","6.29537e+06",
"Grünspan","2056","Goéland d'Amérique","4","","1.41059e+06","1.29657e+06","2.01514e+06",
"白湯","2139","Pipit de Godlewski","4","Leopard","791500","82446","2.36807e+06",
"blanc","2146","Purpurreiher","2","","821374","703292","3.2237e+06",
"rouge","2138","Macreuse à bec jaune","1","","1.83455e+06","172155","5.56806e+06",
"blutrot","2144","Malvasía Cabeciblanca","4","Asiatic Lion","1.34356e+06","907628","2.00709e+06",
"ébène","2086","Tüpfelsumpfhuhn","4","Asiatic Lion","2.39584e+06","651311","3.33828e+06",
"marrón","2146","Löffelente","1","","3.2362e+06","707310","3.91084e+06",
"серый","2126","Лебедь","1","","831290","412143","5.97541e+06",
"rouge","2148","Ánsar Piquicorto","4","","3.17884e+06","427080","1.3993e+06",
"kohlrabenschwarz","2085","Macuco","4","","3.28588e+06","216552","1.19523e+06",
"白湯","2074","Лебедь","1","","1.86723e+06","75478.2","4.16375e+06",
"púrpura","2081","Weißwangengans","2","Mountain Lion","1.02746e+06","147351","9.49803e+06",
"fumée","2143","Araqua-pintado","1","Clouded Leopard","4.74484e+06","493554","6.4417e+06",
"marrón","2142","Weißwangengans","4","Clouded Leopard","1.86589e+06","585496","8.79026e+06",
"濡れ羽色","2090","Weißwangengans","1","","1.27034e+06","538438","4.86893e+06",
"marrón","2112","Weißwangengans","1","Cougar","1.12226e+06","1.16792e+06","770665",
"暗紅色/暗赤色","2136","Silbón Europeo","1","","752113","892210","920599",
"серый","2033","Weißwangengans","1","Amur Leopard","1.88925e+06","920857","2.58248e+06",
"красный","2042","Puffin des Baléares","0","","1.23655e+06","554322","3.25458e+06",
"café","2097","Голубь","4","Asiatic Lion","55138.1","306059","939308",
"Orange-red","2147","Araqua-pintado","1","Snow Leopard","687432","533467","2.55296e+06",
"fumée","2026","Голубь","4","Jaguar","2.59407e+06","689499","6.83205e+06",
"noir","2059","Araqua-pintado","1","Cheetah","1.44435e+06","860399","2.99199e+06",
"ébène","2122","Weißwangengans","3","Leopard","551616","15592.4","4.60033e+06",
"kohlrabenschwarz","2147","Malvasía Cabeciblanca","2","Leopard","792861","270060","8.18071e+06",
"blutrot","2026","Ánsar Piquicorto","0","","2.74349e+06","65923.6","1.61282e+06",
"altrosa","2087","Ánsar Piquicorto","1","","577998","586003","2.65806e+06",
"schneeweiß","2121","Tüpfelsumpfhuhn","2","Asiatic Lion","1.22827e+06","1.05913e+06","5.09179e+06",
"Grünspan","2051","Malvasía Cabeciblanca","1","Snow Leopard","3.75081e+06","302878","1.06583e+07",
"zitronengelb","2110","Weißwangengans","1","Cheetah","238445","571349","783614",
"jaune","2081","Pipit de Godlewski","4","","2.90261e+06","282097","6.26467e+06",
"café","2122","Malvasía Cabeciblanca","4","","2.79872e+06","682221","2.00409e+06",
"blutrot","2103","Malvasía Cabeciblanca","4","","3.17358e+06","1.04497e+06","4.60943e+06",
"Grünspan","2114","Воробей","1","Clouded Leopard","280257","72044","3.968e+06",
"ébène","2108","Malvasía Cabeciblanca","2","Lion","714644","201757","87398.8",
"rouge","2105","Malvasía Cabeciblanca","2","Lion","2.02408e+06","387748","3.01143e+06",
"violeta","2134","Macuco","4","Cougar","2.18082e+06","896563","407234",
"schneeweiß","2085","Pica-pau-de-penacho","4","","2.79743e+06","769888","3.2028e+06",
"Cerise","2067","Purpurreiher","2","Cougar","1.61137e+06","4290.44","8.63605e+06",
"blutrot","2113","Purpurreiher","2","Jaguar","940282","477615","5.37856e+06",
"kohlrabenschwarz","2137","Purpurreiher","2","Leopard","1.10644e+06","65556.4","1.62198e+06",
"Orange-red","2075","Macreuse à bec jaune","4","Cougar","1.57938e+06","648026","6.27266e+06",
"blutrot","2139","Purpurreiher","4","","1.56049e+06","209350","3.01881e+06",
"rouge","2101","Pipit de Godlewski","1","","2.101e+06","395026","8.38117e+06",
"altrosa","2051","Weißwangengans","0","Lion","514614","398368","7.55426e+06",
"zitronengelb","2126","Macreuse à bec jaune","0","","781444","53203.8","4.21333e+06",
"pechschwarz","2098","Macreuse à bec jaune","1","Leopard","333349","792385","1.09846e+07",
"濡れ羽色","2108","Araqua-pintado","4","","769948","1.20898e+06","2.54503e+06",
"fumée","2037","Macuco","4","","2.3004e+06","59280","7.35106e+06",
"黄枯茶","2141","Ánsar Piquicorto","1","Lion","1.86742e+06","224541","2.04762e+06",
"Grünspan","2109","Weißwangengans","3","Clouded Leopard","737919","779730","9.79184e+06",
"濡れ羽色","2142","Weißwangengans","4","Lion","2.96213e+06","954253","4.68396e+06",
"marrón","2112","Ánsar Piquicorto","1","Cougar","943570","230891","1.63767e+06",
"café","2085","Tüpfelsumpfhuhn","4","Asiatic Cheetah","3.75539e+06","370528","3.30417e+06",
"жёлтый","2132","Голубь","4","Jaguar","2.36193e+06","529495","7.2813e+06",
"чёрный","2123","Purpurreiher","2","Lion","770603","1.27095e+06","6.79027e+06",
"暗紅色/暗赤色","2023","Löffelente","4","","2.54954e+06","872735","8.59988e+06",
"schneeweiß","2120","Голубь","1","Mountain Lion","3.83936e+06","50998.9","4.29843e+06",
"noir","2099","Pipit de Godlewski","4","Asiatic Lion","1.34594e+06","239397","4.59751e+06",
"серый","2052","Орёл","1","Snow Leopard","2.35577e+06","123894","2.95844e+06",
"rouge","2089","Pipit de Godlewski","2","Asiatic Lion","239058","454178","905249",
"kohlrabenschwarz","2086","Macuco","0","Cougar","3.35959e+06","1.1038e+06","3.9243e+06",
"серый","2137","Purpurreiher","4","Asiatic Lion","3.63465e+06","295412","6.38987e+06",
"schneeweiß","2077","Pipit de Godlewski","1","","2.22058e+06","831467","1.70004e+06",
"Cerise","2073","Орёл","0","","3.33706e+06","163602","6.08831e+06",
"rouge","2103","Weißwangengans","0","Asiatic Lion","441998","487297","7.56043e+06",
"blutrot","2040","Purpurreiher","4","Leopard","4.28146e+06","388762","9.7477e+06",
"púrpura","2127","Löffelente","0","","2.6168e+06","193816","1.18098e+07",
"fumée","2147","Weißwangengans","2","Clouded Leopard","668263","709982","7.49543e+06",
"marrón","2045","Silbón Europeo","1","Asiatic Cheetah","3.4041e+06","273708","8.1765e+06",
"fumée","2091","Silbón Europeo","4","Lion","4.38616e+06","1.04383e+06","5.03059e+06",
"jaune","2149","Purpurreiher","4","Lion","476470","203656","945656",
"jaune","2119","Pipit de Godlewski","4","Jaguar","4.11292e+06","211054","2.69345e+06",
"türkis","2070","Purpurreiher","1","Asiatic Lion","231028","15582.4","1.69865e+06",
"kohlrabenschwarz","2050","Macreuse à bec jaune","2","","537765","194291","3.50673e+06",
"altrosa","2134","Воробей","4","Mountain Lion","1.10058e+06","948117","3.48865e+06",
"красный","2117","Weißwangengans","1","Leopard","1.06644e+06","825754","5.68273e+06",
